エリア	施設	タイムスタンプ	個人情報保護の方針について	全行程での宿泊数をお答えください（石川県以外での宿泊も含みます）	石川県内での宿泊数をお答えください	石川県内での宿泊エリアをお答えください	石川県外での宿泊エリアをお答えください	今回はどなたと石川県を訪れていますか？	今回の石川県の訪問目的は何ですか？（複数選択可）	石川県外から訪れた方にお聞きします。今回は主にどのような交通手段で石川県に来られましたか。※2つまでお答えください	次に、 当施設  を訪れる際に利用した主な交通手段をお答えください。※2つまでお答えください	前の設問で「自家用車」「徒歩」以外を選択された方にお聞きします。当該の交通手段をお使いいただいた満足度をお聞かせください。	上記満足度の理由について、具体的に教えてください	今回の旅行またはお出かけにおける、石川県内での具体的な宿泊費をお答えください。（予定でも可/１人あたり）	今回の旅行またはお出かけにおける石川県内での具体的な交通費をお答えください。（予定でも可/１人あたり） ※石川県外からの交通費、石川県内での交通費を含む。	今回の旅行またはお出かけにおける、石川県内での具体的な現地消費額をお答えください。（予定でも可/１人あたり） ※飲食、買い物、体験・観光などの消費額合計 ※宿泊費、交通費を除く	これまでに   当施設   には何度訪れたことがありますか。	今回   当施設   を訪れる際に参考にした情報源は何ですか？（複数選択可）	当施設   の前に訪れた主な場所（施設やスポット名称、エリアなど）を、次の名称リストからひとつ選んでください。  ※名称リストにない場所の場合は、「選択なし/該当施設なし」を選び、次の設問でお答えください。 ※当施設   が最初に訪れた場所である場合は、「選択なし/該当施設なし」をお選びください。	上記名称リストにない場合について、具体的にお答えください。(前)	当施設   の後に訪れる予定の場所（施設やスポット名称、エリア）を、次の名称リストからひとつ選んでください  ※名称リストにない場所の場合は、「選択なし/該当施設なし」を選び、次の設問でお答えください。 ※当施設    が最後に訪れた場所である場合は、「選択なし/該当施設なし」をお選びください。	上記名称リストにない場合について、具体的にお答えください。(後)	当施設    における、消費総額をお答えください。（予定でも可/１人あたり）	当施設 における、商品・サービスの満足度をお答えください	上記満足度の理由につい具体的に教えてください。(サービス)	当施設   における、施設全体の満足度をお答えください。	上記満足度の理由につい具体的に教えてください。(施設全体)	当施設   において、不便を感じたり困ったことはありましたか。	上記不便を感じたり、困ったことについて具体的に教えてください	あなたは石川県への旅行または 当施設 へのお出かけを、どのくらい家族や友人に薦めたいと思いますか。 0（全く薦めたくない）～10（ぜひ薦めたい）でお答えください。	あなたが求めている   当施設   の飲食、土産、アクティビティについて、ご自由にご意見をお聞かせください	今後、再び石川県を訪れたいと思いますか	あなたが求めている石川県の飲食、土産、アクティビティについて、ご自由にご意見をお聞かせください。  (※必須項目です。無ければ「特になし」とご記入ください)	性別をお答えください	生まれた年をお答えください	お住いの都道府県をお答えください	お住いの市区町村をお答えください 例：新宿区	世帯年収をお答えください	アンケートに回答しようと思った動機をお答えください	旅全体の総合満足度を教えてください。	石川県への旅行を、どのくらい家族や友人に勧めたいと薦めたいと思いますか。 ０（まったく薦めたくない）～１０（ぜひ薦めたい）でお答え下さい。	今回の旅行またはお出かけにおいて、特に人に薦めたいと感じたものとその理由について具体的に教えてください。
金沢エリア	妙立寺	2025/08/12	同意する	1泊	1泊	加賀エリア （山代温泉、山中温泉、片山津温泉、粟津温泉、辰口温泉、加賀市、小松市など）	石川県外には泊まらない	小学生以下連れの家族	温泉や露天風呂, テーマパーク（遊園地、動物園、博物館など）	自家用車	自家用車			30,000円以上 40,000円未満	3,000円以上 5,000円未満	10,000円以上 20,000円未満	初めて	友人・知人	金沢21世紀美術館	松井秀喜ミュージアム	ひがし茶屋街		1,000円以上 3,000円未満	とても満足	説明がわかりやすかった	とても満足	興味がわきました	感じなかった		10		機会があれば行きたい	小学生が楽しめるもの	男	1983	静岡県	御殿場市	900万円以上 1,000万円未満	景品が当たる	とても満足	10	
金沢エリア	石川県立歴史博物館	2025/08/12	同意する	2泊	2泊	白山エリア （一里野温泉、白峰温泉、白山市など）	石川県外には泊まらない	夫婦2人	地元の美味しいものを食べる, まちあるき、都市散策, 	レンタカー, 飛行機	レンタカー	とても満足		5,000円以上 10,000円未満	20,000円以上 30,000円未満	5,000円以上 10,000円未満	初めて	インターネット・アプリ	兼六園		近江町市場		3,000円以上 5,000円未満	とても満足		とても満足		感じなかった		10		機会があれば行きたい	食事は全ておいしかった。	男	1984	神奈川県	横浜市	1,500万円以上	景品が当たる	とても満足	10	食事、文化・歴史の学び
金沢エリア	尾山神社	2025/08/12	同意する	2泊	1泊	金沢エリア  （湯涌温泉、深谷温泉、犀川温泉など）	岐阜県	中学生以上連れの家族	地元の美味しいものを食べる, 名所、旧跡の観光, まちあるき、都市散策	自家用車	自家用車			10,000円以上 20,000円未満	10,000円以上 20,000円未満	10,000円以上 20,000円未満	初めて	TV・ラジオ番組やCM, 観光パンフレット・ポスター, 観光連盟やDMOのHP, インターネット・アプリ, 観光協会等の案内所	兼六園		近江町市場		1,000円以上 3,000円未満	満足	珍しい建物が見れました。	満足	綺麗でした。	感じなかった		9	おみくじの種類が多くて楽しい	また行きたい（1年以内）	食、美味しい海の幸	女	1976	愛知県	名古屋市	1,000万円以上 1,200万円未満	景品が当たる, ひゃくまんさんが好き	とても満足	10	見どころが多い
金沢エリア	金沢駅	2025/08/12	同意する	日帰り	石川県内には宿泊しない	石川県内には宿泊しない	富山県	中学生以上連れの家族	地元の美味しいものを食べる, テーマパーク（遊園地、動物園、博物館など）	在来線	路線バス	満足	バスの本数が多く便利だが、現金の用意が必要なのが少し不便。しかし、我慢できる範囲	使わない	1,000円以上 3,000円未満	10,000円以上 20,000円未満	11回目以上	観光展・物産展, インターネット・アプリ	近江町市場		選択なし/該当施設なし	帰宅する	5,000円以上 10,000円未満	とても満足	お土産多い	満足	座るところが少なめ。駅構内が暑い	感じなかった		8		また行きたい（1年以内）	概ね満足です。また行きます。	女	1980	京都府	京都市	300万円以上 400万円未満	景品が当たる, ひゃくまんさんが好き	満足	9	
金沢エリア	近江町市場商店街	2025/08/12	同意する	3泊	3泊	加賀エリア （山代温泉、山中温泉、片山津温泉、粟津温泉、辰口温泉、加賀市、小松市など）	石川県外には泊まらない	家族	宿でのんびり過ごす, 温泉や露天風呂, 地元の美味しいものを食べる, テーマパーク（遊園地、動物園、博物館など）, 買い物、アウトレット, お祭りやイベントへの参加・見物, まちあるき、都市散策	自家用車	在来線, 路線バス	満足	すごいいい。	30,000円以上 40,000円未満	5,000円以上 10,000円未満	20,000円以上 30,000円未満	初めて	家族	選択なし/該当施設なし	水族館	近江町市場		50,000円以上 100,000円未満	とても満足	とても良い。	とても満足		感じなかった		10		機会があれば行きたい	もっと美味しいもの食べたい	男	2010	愛知県	一宮市	100万円未満	なんとなく, 家族に勧められた	満足	10	
金沢エリア	近江町市場商店街	2025/08/12	同意する	1泊	1泊	金沢エリア  （湯涌温泉、深谷温泉、犀川温泉など）	石川県外には泊まらない	小学生以下連れの家族	温泉や露天風呂, 地元の美味しいものを食べる, 買い物、アウトレット, まちあるき、都市散策	自家用車	自家用車			5,000円以上 10,000円未満	5,000円以上 10,000円未満	50,000円以上 100,000円未満	11回目以上	友人・知人	近江町市場		ひがし茶屋街		5,000円以上 10,000円未満	とても満足	海鮮がとても美味しいからです	とても満足	色々お店が入ってて楽しい	感じなかった		10	海鮮が美味しく石川の美味しいものがたくさんです。	また行きたい（1年以内）	海鮮のお店が多くどのお店も美味しいです。	女	1982	愛知県	名古屋市	1,000万円以上 1,200万円未満	景品が当たる, ひゃくまんさんが好き, 石川県のおすすめ観光スポットが見たい	とても満足	9	金沢まち歩きが楽しいです。
金沢エリア	近江町市場商店街	2025/08/12	同意する	2泊	1泊	金沢エリア  （湯涌温泉、深谷温泉、犀川温泉など）	愛知	姉家族	友人・親戚を訪ねる	新幹線, 在来線	徒歩			10,000円以上 20,000円未満	使わない	10,000円以上 20,000円未満	6～10回目	インターネット・アプリ, Instagram	ひがし茶屋街		選択なし/該当施設なし	サービスエリアや道の駅に寄って帰る。	20,000円以上 30,000円未満	とても満足	数年に一度しか来ないですが、いろんなお店があるので楽しいです。	とても満足	人気スポットのため廃れることが無いので。	感じた	人が多いので、見ずらしい時もある。	10	食事やフルーツが豊富。食べ歩きスイーツなどあ等と良いかと思います。	また行きたい（1年以内）	九谷焼が可愛い。	女	1985	大阪府	吹田市	300万円以上 400万円未満	景品が当たる	とても満足	10	駅から徒歩やバスを使っていろんなところへ行ける。
金沢エリア	近江町市場商店街	2025/08/12	同意する	3泊	3泊	加賀エリア （山代温泉、山中温泉、片山津温泉、粟津温泉、辰口温泉、加賀市、小松市など）	石川県外には泊まらない	家族	宿でのんびり過ごす, 温泉や露天風呂, 地元の美味しいものを食べる, 買い物、アウトレット, お祭りやイベントへの参加・見物	自家用車	在来線, 路線バス	満足	とても良い	50,000円以上 100,000円未満	40,000円以上 50,000円未満	20,000円以上 30,000円未満	初めて	家族	選択なし/該当施設なし	ない	近江町市場		100,000円以上	満足	とても良い。	満足	とても良い。	感じなかった		10	とても良い	機会があれば行きたい	とても良い。	男	2010	愛知県	一宮市	100万円未満	家族	とても満足	10	とても良い。
金沢エリア	石川県観光物産館	2025/08/12	同意する	1泊	1泊	金沢エリア  （湯涌温泉、深谷温泉、犀川温泉など）	石川県外には泊まらない	自分ひとり	名所、旧跡の観光, まちあるき、都市散策	新幹線, 在来線	路線バス	とても満足	バス停の真ん前	5,000円以上 10,000円未満	10,000円以上 20,000円未満	30,000円以上 40,000円未満	2～5回目	新聞・雑誌・ガイドブック, 観光パンフレット・ポスター, インターネット・アプリ, 以前も来た	尾山神社		近江町市場		1,000円以上 3,000円未満	満足	体験ができ、買い物クーポンもついてるため。	満足	体験ができ、買い物クーポンもついてるため。	感じなかった		8	飲食店を増やしてほしい。	機会があれば行きたい	普段食べられない石川ならではの品物がありがたい。	女	1967	京都府	京都市	600万円以上 700万円未満	景品が当たる, なんとなく	満足	8	観光をするのに、バスの一日乗車券が便利でした。
金沢エリア	ホテル花イチリン	2025/08/12	同意する	1泊	1泊	金沢エリア  （湯涌温泉、深谷温泉、犀川温泉など）	石川県外には泊まらない	小学生以下連れの家族	名所、旧跡の観光, 買い物、アウトレット	自家用車	自家用車			3,000円以上 5,000円未満	5,000円以上 10,000円未満	10,000円以上 20,000円未満	初めて	インターネット・アプリ	金沢21世紀美術館		兼六園		3,000円以上 5,000円未満	とても満足	良かった	とても満足	良かった	感じなかった		10		機会があれば行きたい	特になし	男	1984	兵庫県	神戸市	1,000万円以上 1,200万円未満	景品が当たる	とても満足	10	
金沢エリア	安江金箔工芸館	2025/08/13	同意する	1泊	1泊	金沢エリア  （湯涌温泉、深谷温泉、犀川温泉など）	石川県外には泊まらない	夫婦2人	地元の美味しいものを食べる, 名所、旧跡の観光, まちあるき、都市散策	新幹線	徒歩			40,000円以上 50,000円未満	40,000円以上 50,000円未満	10,000円以上 20,000円未満	初めて	新聞・雑誌・ガイドブック	ひがし茶屋街		選択なし/該当施設なし	白川郷	1,000円未満	満足	ショップにもっとお土産があるとよい	満足	見所があり、よかった	感じた	この施設の存在に気づきにくい	7	お手洗いが、遊び心のある感じでよかった。	また行きたい（1年以内）	交通がもう少しわかりやすいといい	女	1988	神奈川県	横浜市	600万円以上 700万円未満	景品が当たる	満足	8	どのお店に行ってもおもてなしの心がよかった
金沢エリア	石川県政記念しいのき迎賓館	2025/08/13	同意する	1泊	1泊	金沢エリア  （湯涌温泉、深谷温泉、犀川温泉など）	石川県外には泊まらない	中学生以上連れの家族	地元の美味しいものを食べる, 名所、旧跡の観光, 友人・親戚を訪ねる	自家用車	自家用車			10,000円以上 20,000円未満	5,000円以上 10,000円未満	10,000円以上 20,000円未満	初めて	インターネット・アプリ	金沢21世紀美術館		ひがし茶屋街		1,000円以上 3,000円未満	満足		満足		感じなかった		8		また行きたい（1年以内）	海鮮	男	1967	大阪府	大阪市	300万円以上 400万円未満	景品が当たる, 石川県のおすすめ観光スポットが見たい	満足	10	食べ物が美味しい
金沢エリア	石川県立図書館	2025/08/13	同意する	4泊以上	4泊以上	金沢エリア  （湯涌温泉、深谷温泉、犀川温泉など）	岐阜県	夫婦2人	友人・親戚を訪ねる	自家用車	自家用車			20,000円以上 30,000円未満	使わない	10,000円以上 20,000円未満	2～5回目	新聞・雑誌・ガイドブック, TV・ラジオ番組やCM	尾山神社		選択なし/該当施設なし		使わない	とても満足	周りの環境や佇まい。	とても満足	本に囲まれている感じ。	感じなかった		10	石川県を訪れる時には、必ず訪問したいです。	また行きたい（1年以内）	息子が、お世話になっています。よろしくお願いします。	男	1962	大阪府	吹田市	200万円以上 300万円未満	景品が当たる	とても満足	10	まさに、此処です。
金沢エリア	石川県観光物産館	2025/08/13	同意する	1泊	1泊	加賀エリア （山代温泉、山中温泉、片山津温泉、粟津温泉、辰口温泉、加賀市、小松市など）	石川県外には泊まらない	親	地元の美味しいものを食べる, 名所、旧跡の観光, 買い物、アウトレット	自家用車	自家用車, 路線バス			10,000円以上 20,000円未満	5,000円以上 10,000円未満	20,000円以上 30,000円未満	初めて	観光展・物産展, TV・ラジオ番組やCM	兼六園		選択なし/該当施設なし		3,000円以上 5,000円未満	とても満足	品揃えが良い	とても満足	景色が綺麗	感じなかった		10		機会があれば行きたい	特になし	男	2009	愛知県	知立市	500万円以上 600万円未満	景品が当たる	とても満足	10	
金沢エリア	金沢中央観光案内所	2025/08/13	同意する	2泊	2泊	金沢エリア  （湯涌温泉、深谷温泉、犀川温泉など）	石川県外には泊まらない	夫婦2人	名所、旧跡の観光	新幹線	徒歩			10,000円以上 20,000円未満	30,000円以上 40,000円未満	20,000円以上 30,000円未満	初めて	なし	兼六園		選択なし/該当施設なし	もう帰るところ	使わない	とても満足	快適に過ごせた	とても満足	快適に過ごせた	感じなかった		10		また行きたい（1年以内）	工芸体験	女	1968	岡山県	倉敷市	900万円以上 1,000万円未満	なんとなく	とても満足	10	北陸全体のポテンシャルがすごい
金沢エリア	石川県立歴史博物館	2025/08/13	同意する	2泊	2泊	金沢エリア  （湯涌温泉、深谷温泉、犀川温泉など）	石川県外には泊まらない	自分ひとり	宿でのんびり過ごす, 温泉や露天風呂, 地元の美味しいものを食べる, 名所、旧跡の観光, まちあるき、都市散策	新幹線, 在来線	徒歩	満足	観光箇所が固まっていて良かったが博物館が少し(あくまでこれらの中で)遠かったので満足としました。	10,000円以上 20,000円未満	10,000円以上 20,000円未満	5,000円以上 10,000円未満	初めて	インターネット・アプリ	兼六園		選択なし/該当施設なし		1,000円未満	とても満足	非はないです。	とても満足	特別展の内容。	感じなかった		8		機会があれば行きたい	能登方面へのアクセスがもう少しよくなれば七尾や輪島へ行ってみたいです。復興や発展を願っています。	男	1987	大阪府	大阪市	400万円以上 500万円未満	景品が当たる, 石川県のおすすめ観光スポットが見たい, 石川県の雑学を知りたい	とても満足	10	金沢付近に観光地が纏まっていて日帰りor1泊で行きやすい。
金沢エリア	石川県立歴史博物館	2025/08/13	同意する	4泊以上	4泊以上	能登エリア （和倉温泉、七尾市、輪島市、珠洲市など）	石川県外には泊まらない	自分ひとり	地元の美味しいものを食べる, 名所、旧跡の観光, まちあるき、都市散策, 各種体験（手作り、果物狩りなど）	自家用車	徒歩			5,000円以上 10,000円未満	30,000円以上 40,000円未満	50,000円以上 100,000円未満	初めて	インターネット・アプリ	兼六園		金沢21世紀美術館		1,000円以上 3,000円未満	とても満足	職員の皆さまがとても丁寧。展示物も見て回りやすく、空調もほどよく長時間観ていても疲れない。	とても満足	同上	感じなかった		10		機会があれば行きたい	特になし	男	1990	福岡県	小郡市	400万円以上 500万円未満	なんとなく	とても満足	10	文化の森おでかけパス
金沢エリア	石川県観光物産館	2025/08/13	同意する	日帰り	石川県内には宿泊しない	石川県内には宿泊しない	石川県外には泊まらない	友人	友人・親戚を訪ねる	自家用車	自家用車	満足		1,000円以上 3,000円未満	1,000円以上 3,000円未満	1,000円以上 3,000円未満	11回目以上	友人・知人	選択なし/該当施設なし	ごはん屋さん	選択なし/該当施設なし	ソフトクリーム屋	1,000円以上 3,000円未満	満足	おいしかった	満足	美味しかった	感じなかった		7		また行きたい（1年以内）	アウトレット	男	1995	石川県	野々市市	400万円以上 500万円未満	景品が当たる	満足	7	ご飯が全体的に美味しい
金沢エリア	金沢中央観光案内所	2025/08/13	同意する	2泊	2泊	金沢エリア  （湯涌温泉、深谷温泉、犀川温泉など）	石川県外には泊まらない	中学生以上連れの家族	地元の美味しいものを食べる, 名所、旧跡の観光, まちあるき、都市散策	自家用車	徒歩			10,000円以上 20,000円未満	5,000円以上 10,000円未満	5,000円以上 10,000円未満	初めて	インターネット・アプリ	選択なし/該当施設なし	のど黒めし本舗いたる	近江町市場		3,000円以上 5,000円未満	とても満足	人気なだけあってとても美味しかった	満足	全体的に満足	感じた	待ち時間が長い	10		機会があれば行きたい	とりあえず美味しいものが食べたい	女	2004	東京都	世田谷区	600万円以上 700万円未満	景品が当たる, なんとなく	とても満足	8	ぜひ薦めたいが、住んでいる地域からだと行くまでに時間がかかる
金沢エリア	石川県政記念しいのき迎賓館	2025/08/13	同意する	3泊	2泊	金沢エリア  （湯涌温泉、深谷温泉、犀川温泉など）	滋賀県	恋人	地元の美味しいものを食べる, 名所、旧跡の観光, まちあるき、都市散策	自家用車	徒歩			10,000円以上 20,000円未満	5,000円以上 10,000円未満	10,000円以上 20,000円未満	2～5回目	観光パンフレット・ポスター, インターネット・アプリ, Instagram, 友人・知人, タクシードライバーや地元の人, Threads	選択なし/該当施設なし	宇宙軒	選択なし/該当施設なし	カフェ（kakurezato coffee）	1,000円未満	どちらでもない	施設がきれいで利用しやすかったため。	満足	アクセスのいい場所にあり、観光名所の案内が多くて役に立ったため。	感じなかった		7		また行きたい（1年以内）	新鮮な海鮮料理と大野醤油を使った料理。お土産は、和菓子や加賀棒茶。アクティビティについては、伝統工芸を体験してみたい。金沢おでん等地元料理を学んでみたい。	女	1999	愛知県	名古屋市	500万円以上 600万円未満	景品が当たる, 石川県のおすすめ観光スポットが見たい	とても満足	10	食事と博物館。食事では、新鮮な海鮮を使った料理がどれもおいしくて心も体も満たされました。また、博物館では加賀の成り立ちをわかりやすく学ぶことができて非常に興味深かった。博物館を見たあとに周辺を周ると違った見え方も楽しめるのがよかったと感じます。
金沢エリア	金沢能楽美術館	2025/08/13	同意する	4泊以上	1泊	金沢エリア  （湯涌温泉、深谷温泉、犀川温泉など）	神奈川県、福井県、山口県	自分ひとり	宿でのんびり過ごす, 地元の美味しいものを食べる, 名所、旧跡の観光, まちあるき、都市散策	新幹線	徒歩			20,000円以上 30,000円未満	10,000円以上 20,000円未満	10,000円以上 20,000円未満	初めて	インターネット・アプリ	近江町市場		尾山神社		1,000円未満	満足	受付の対応は良かった	満足	舞台を模した一階の展示は、演者の動きがイメージできて良かった	感じなかった		6		また行きたい（1年以内）	アニメ・ゲーム等とのコラボ	男	1991	静岡県	御殿場市	600万円以上 700万円未満	ひゃくまんさんが好き, なんとなく	とても満足	9	美味しい食事 街全体の綺麗さ
金沢エリア	KOKOHOTEL Premier 金沢香林坊	2025/08/13	同意する	2泊	2泊	金沢エリア  （湯涌温泉、深谷温泉、犀川温泉など）	石川県外には泊まらない	夫婦2人	地元の美味しいものを食べる, 名所、旧跡の観光, まちあるき、都市散策	新幹線, 在来線	路線バス	満足	便が多い、価格が安い	10,000円以上 20,000円未満	10,000円以上 20,000円未満	20,000円以上 30,000円未満	2～5回目	観光パンフレット・ポスター, インターネット・アプリ, 友人・知人	金沢21世紀美術館		兼六園		使わない	満足	ラウンジサービスが充実しているため	満足	プラス点：部屋が広い、シャワースペース・バスタブが仕切られている	感じなかった		8		機会があれば行きたい	飲食→新鮮な海の幸、加賀野菜	男	1989	愛知県	名古屋市	1,200万円以上 1,500万円未満	景品が当たる	満足	8	海鮮。非常においしかったため
金沢エリア	KOKOHOTEL Premier 金沢香林坊	2025/08/13	同意する	2泊	2泊	金沢エリア  （湯涌温泉、深谷温泉、犀川温泉など）	石川県外には泊まらない	夫婦2人	宿でのんびり過ごす, 地元の美味しいものを食べる, 名所、旧跡の観光, スポーツ観戦や芸術鑑賞（コンサート等）, まちあるき、都市散策	新幹線, 在来線	路線バス	満足	バスの運行頻度が高い	30,000円以上 40,000円未満	20,000円以上 30,000円未満	10,000円以上 20,000円未満	初めて	インターネット・アプリ	選択なし/該当施設なし		金沢21世紀美術館		20,000円以上 30,000円未満	とても満足	ラウンジがある	とても満足		感じなかった		9		機会があれば行きたい	日本酒の酒蔵に行きたいが試飲すると自分で運転できないのでツアーがあるといいと思った	女	1986	愛知県	名古屋市	800万円以上 900万円未満	景品が当たる	とても満足	9	
金沢エリア	尾山神社	2025/08/13	同意する	3泊	2泊	金沢エリア  （湯涌温泉、深谷温泉、犀川温泉など）	富山県	恋人	地元の美味しいものを食べる, 名所、旧跡の観光, スポーツ観戦や芸術鑑賞（コンサート等）, 各種体験（手作り、果物狩りなど）	自家用車	自家用車			10,000円以上 20,000円未満	10,000円以上 20,000円未満	10,000円以上 20,000円未満	2～5回目	新聞・雑誌・ガイドブック, インターネット・アプリ, Instagram, 観光協会等の案内所	選択なし/該当施設なし		選択なし/該当施設なし	金沢城	1,000円未満	満足	御朱印をいただけた	満足	建物が珍しかった	感じなかった		9	御朱印がカッコよかった	また行きたい（1年以内）	片町や香林坊等の繁華街での夕食に、治安が良く安心して海鮮を食べられるようなスポットが欲しい	女	1979	群馬県	太田市	300万円以上 400万円未満	景品が当たる	とても満足	10	工芸体験。世界に一つのものが出来るから。
金沢エリア	チサンバジェット金沢駅前	2025/08/14	同意する	3泊	3泊	金沢エリア  （湯涌温泉、深谷温泉、犀川温泉など）	石川県外には泊まらない	学校関係（修学旅行・社会科見学等）	出張など仕事関係	自家用車	自家用車, 旅行会社ツアーバス			20,000円以上 30,000円未満	20,000円以上 30,000円未満	5,000円以上 10,000円未満	初めて	観光協会等の案内所	選択なし/該当施設なし	星稜高校	選択なし/該当施設なし	星稜高校	20,000円以上 30,000円未満	満足	清潔感・従業員が親切・料理が美味しい	満足	清潔感・従業員が親切・料理が美味しい	感じなかった		10		また行きたい（1年以内）	特になし	その他	1972	東京都	国立市	700万円以上 800万円未満	なんとなく	満足	10	
金沢エリア	石川県森林公園三国山キャンプ場	2025/08/14	同意する	2泊	2泊	金沢エリア  （湯涌温泉、深谷温泉、犀川温泉など）	石川県外には泊まらない	小学生以下連れの家族	温泉や露天風呂, 地元の美味しいものを食べる, アウトドア（海水浴、釣り、登山など）, 友人・親戚を訪ねる	自家用車	自家用車			3,000円以上 5,000円未満	1,000円未満	20,000円以上 30,000円未満	11回目以上	家族や親戚	選択なし/該当施設なし	千里浜	選択なし/該当施設なし	温泉	1,000円未満	満足	薪が安かったが、割るのが大変だった。でも焚き火が楽しめたので満足	とても満足	安いのにきれい	感じなかった		10	自然が満喫できるよいキャンプ場でした。また利用します。	機会があれば行きたい	刺身、つりあ	女	1977	埼玉県	戸田市	900万円以上 1,000万円未満	景品が当たる, ひゃくまんさんが好き	とても満足	9	食べ物と自然
金沢エリア	妙立寺	2025/08/14	同意する	2泊	2泊	金沢エリア  （湯涌温泉、深谷温泉、犀川温泉など）	石川県外には泊まらない	恋人	地元の美味しいものを食べる, 名所、旧跡の観光	自家用車	自家用車			10,000円以上 20,000円未満	使わない	10,000円以上 20,000円未満	2～5回目	観光展・物産展, 新聞・雑誌・ガイドブック, TV・ラジオ番組やCM	金沢21世紀美術館		近江町市場		10,000円以上 20,000円未満	とても満足	ずっと行きたかった21世紀美術館に行きプールにも入れたからです。	満足	特別展が興味深いかったし、斬新な展示方がよかったです。	感じた	プールの中に入ると上からの写真が撮れないのが残念。	10	おみやげの充実がイマイチ。	機会があれば行きたい	すしべんという御当地の食事するところが斬新で楽しかったです。	女	1971	栃木県	小山市	300万円以上 400万円未満	景品が当たる	とても満足	10	妙立寺
金沢エリア	石川県立図書館	2025/08/14	同意する	2泊	2泊	金沢エリア  （湯涌温泉、深谷温泉、犀川温泉など）	石川県外には泊まらない	小学生以下連れの家族	地元の美味しいものを食べる, 名所、旧跡の観光, 買い物、アウトレット, まちあるき、都市散策	自家用車	自家用車			10,000円以上 20,000円未満	5,000円以上 10,000円未満	100,000円以上	2～5回目	インターネット・アプリ	選択なし/該当施設なし	エーコープ笠舞店の敷地にあるブドウ直売所	選択なし/該当施設なし	富山県を通って家に帰る	使わない	とても満足	子供がたくさん遊べた	とても満足		感じなかった		10	アイス屋さんがもう一つ欲しい。混んでたのでやめた	機会があれば行きたい	伝統工芸品、美味しい肉！	女	1993	愛知県	豊田市	800万円以上 900万円未満	なんとなく	とても満足	10	六角堂
金沢エリア	石川県政記念しいのき迎賓館	2025/08/14	同意する	1泊	1泊	金沢エリア  （湯涌温泉、深谷温泉、犀川温泉など）	石川県外には泊まらない	自分ひとり	宿でのんびり過ごす, 地元の美味しいものを食べる, 花見や紅葉などの自然鑑賞, 名所、旧跡の観光, テーマパーク（遊園地、動物園、博物館など）, スポーツ観戦や芸術鑑賞（コンサート等）, まちあるき、都市散策	新幹線	路線バス, 徒歩	満足	ふらっとバスには満足。他のバスで交通系ICを使えないので困った。	10,000円以上 20,000円未満	30,000円以上 40,000円未満	10,000円以上 20,000円未満	初めて	バス停の目の前だったから	金沢21世紀美術館		選択なし/該当施設なし	これから金沢駅に行って帰ります	使わない	とても満足	無料で使える観光案内所と休憩所に助けられた	とても満足	美しい建物と景色を楽しみながら休憩できた	感じなかった		6	自動販売機とゴミ箱があると嬉しい	あまり行きたいと思わない	寿司を楽しみにきたがどこも行列で入れなかった。	女	1991	茨城県	つくば市	700万円以上 800万円未満	景品が当たる, なんとなく, 歩き疲れたので休憩がてら	満足	3	金沢21世紀美術館、変わった建築で歩くだけで楽しい
金沢エリア	長町武家屋敷休憩館	2025/08/14	同意する	3泊	3泊	金沢エリア  （湯涌温泉、深谷温泉、犀川温泉など）	石川県外には泊まらない	夫婦2人	温泉や露天風呂, 地元の美味しいものを食べる, 名所、旧跡の観光, まちあるき、都市散策	新幹線	路線バス	満足	バスの本数が多いので、待つ時間が少なく移動しやすかったため。	20,000円以上 30,000円未満	1,000円以上 3,000円未満	40,000円以上 50,000円未満	初めて	インターネット・アプリ	近江町市場		尾山神社		1,000円以上 3,000円未満	満足	休憩所のため、商品なし。	満足	猛暑の中、涼める場所があるのはありがたい。	感じなかった		8		また行きたい（1年以内）	もっと海鮮のお店が増えれば、並ぶ時間も少なくなり、お店に行きやすくなると思う。	女	1990	奈良県	香芝市	300万円以上 400万円未満	景品が当たる, ひゃくまんさんが好き, 石川県のおすすめ観光スポットが見たい	とても満足	10	観光スポットが多く、歴史も感じれて楽しかったから。
金沢エリア	長町武家屋敷休憩館	2025/08/14	同意する	3泊	3泊	金沢エリア  （湯涌温泉、深谷温泉、犀川温泉など）	石川県外には泊まらない	夫婦2人	地元の美味しいものを食べる, 名所、旧跡の観光, まちあるき、都市散策	新幹線, 在来線	路線バス	満足	便が多い。	30,000円以上 40,000円未満	1,000円以上 3,000円未満	20,000円以上 30,000円未満	初めて	新聞・雑誌・ガイドブック, 観光協会等の案内所, タクシードライバーや地元の人	近江町市場		尾山神社		1,000円未満	満足	良かったから。	満足	良かったから。	感じなかった		6		機会があれば行きたい	兼六園などの歴史ある名所にある飲食店が無愛想だった。せっかくなのに気分が悪くなってしまう。	男	1989	奈良県	香芝市	500万円以上 600万円未満	景品が当たる	満足	8	たくさんの名所があることが魅力的だから。
金沢エリア	金沢港クルーズターミナル	2025/08/14	同意する	日帰り	1泊	加賀エリア （山代温泉、山中温泉、片山津温泉、粟津温泉、辰口温泉、加賀市、小松市など）	石川県外には泊まらない	小学生以下連れの家族	お祭りやイベントへの参加・見物, 各種体験（手作り、果物狩りなど）	県外から訪れていない（石川県内在住）	自家用車	とても満足	駐車場が無料で停めやすい	使わない	使わない	5,000円以上 10,000円未満	2～5回目	友人・知人	選択なし/該当施設なし		選択なし/該当施設なし		3,000円以上 5,000円未満	とても満足	駐車場が無料で停めやすい	とても満足	広くてキレイ	感じなかった		8	もっと飲食店がほしい	石川県在住	駐車場が停めやすく、無料でたくさん停めれる場所でのイベント	女	1982	石川県	金沢市	100万円以上 200万円未満	景品が当たる	とても満足	9	
金沢エリア	眠音ホテル	2025/08/14	同意する	2泊	2泊	金沢エリア  （湯涌温泉、深谷温泉、犀川温泉など）	石川県外には泊まらない	中学生以上連れの家族	地元の美味しいものを食べる, 買い物、アウトレット, まちあるき、都市散策, 友人・親戚を訪ねる	自家用車	自家用車	満足	新幹線を利用するより安く、途中の観光が楽しめる	50,000円以上 100,000円未満	30,000円以上 40,000円未満	40,000円以上 50,000円未満	6～10回目	新聞・雑誌・ガイドブック, Instagram, 友人・知人, タクシードライバーや地元の人	兼六園		ひがし茶屋街		10,000円以上 20,000円未満	とても満足	家にいるような雰囲気で過ごせる	とても満足	プライベート空間が守られている	感じなかった		10		また行きたい（1年以内）	小規模でいいので、鳩バスツアーのようなツアーがあるといいなぁと思いました	女	1982	埼玉県	さいたま市	1,000万円以上 1,200万円未満	景品が当たる, ひゃくまんさんが好き, 石川県のおすすめ観光スポットが見たい, 石川県の雑学を知りたい	とても満足	10	海鮮のイメージが強い石川でしたが、焼肉、ホルモンがとても美味しかったです。
金沢エリア	金沢駅	2025/08/14	同意する	日帰り	石川県内には宿泊しない	石川県内には宿泊しない	石川県外には泊まらない	小学生以下連れの家族	地元の美味しいものを食べる, 名所、旧跡の観光, まちあるき、都市散策	自家用車	自家用車			使わない	1,000円以上 3,000円未満	3,000円以上 5,000円未満	11回目以上	観光展・物産展, 新聞・雑誌・ガイドブック, 観光パンフレット・ポスター	選択なし/該当施設なし	忍者寺	選択なし/該当施設なし	コストコ	20,000円以上 30,000円未満	とても満足	色んなものが買えた	とても満足	楽しかった	感じなかった		9		また行きたい（1年以内）	もう少し駐車場が安かったらいい	女	1985	福井県	福井市	600万円以上 700万円未満	景品が当たる	とても満足	10	忍者寺。造りがおもしろい。
金沢エリア	金沢城公園	2025/08/15	同意する	3泊	4泊以上	金沢エリア  （湯涌温泉、深谷温泉、犀川温泉など）	石川県外には泊まらない	夫婦2人	地元の美味しいものを食べる, 名所、旧跡の観光, まちあるき、都市散策, 友人・親戚を訪ねる	自家用車	徒歩			20,000円以上 30,000円未満	1,000円未満	50,000円以上 100,000円未満	初めて	インターネット・アプリ	兼六園		ひがし茶屋街		1,000円未満	満足	イベント参加出来た	満足	歴史にふれられる	感じなかった		7		機会があれば行きたい	食べ物美味しい	男	1972	栃木県	下野市	800万円以上 900万円未満	なんとなく	満足	8	
金沢エリア	東横イン金沢兼六園香林坊	2025/08/15	同意する	2泊	2泊	金沢エリア  （湯涌温泉、深谷温泉、犀川温泉など）	石川県外には泊まらない	中学生以上連れの家族	友人・親戚を訪ねる	旅行会社ツアーバス	自家用車	どちらでもない	安かったから	20,000円以上 30,000円未満	5,000円以上 10,000円未満	20,000円以上 30,000円未満	11回目以上	インターネット・アプリ	兼六園		選択なし/該当施設なし	徳光海岸	使わない	とても満足	砂浜もゴミがなく綺麗だったから	とても満足	快適な時間を過ごせたから	感じなかった		9	飲食店の営業時間が短かった	また行きたい（1年以内）	食べ歩きできるスポットがあると嬉しい	女	2004	埼玉県	富士見市	600万円以上 700万円未満	景品が当たる	とても満足	10	海。関東ではない綺麗さで、自然を感じられるから。
金沢エリア	兼六駐車場	2025/08/15	同意する	3泊	1泊	金沢エリア  （湯涌温泉、深谷温泉、犀川温泉など）	長野県	小学生以下連れの家族	地元の美味しいものを食べる, 名所、旧跡の観光, ドライブ・ツーリング	自家用車	自家用車			10,000円以上 20,000円未満	1,000円以上 3,000円未満	5,000円以上 10,000円未満	初めて	TV・ラジオ番組やCM, 友人・知人	兼六園		選択なし/該当施設なし	千里浜なぎさドライブウェイ	1,000円未満	とても満足	広く駐車しやすいので良かった。日陰なので車が暑くなりすぎず、歩いてすぐ目的地だったので良かった。	とても満足	とても綺麗で清潔感があり安心して利用できました。	感じなかった		8	金沢観光の地図やパンフレット等も置いてあり、その後の観光の役に立ちました。	機会があれば行きたい	スーパーでお土産を買うのが好きなので、そのような情報を集めたパンフレット等あったら嬉しいなと思います	女	1988	神奈川県	横須賀市	400万円以上 500万円未満	景品が当たる, 石川県のおすすめ観光スポットが見たい	とても満足	8	金沢城と夜の金沢駅をお勧めしたいと思います。
金沢エリア	妙立寺	2025/08/15	同意する	2泊	2泊	金沢エリア  （湯涌温泉、深谷温泉、犀川温泉など）	石川県外には泊まらない	中学生以上連れの家族	地元の美味しいものを食べる, 名所、旧跡の観光	新幹線	タクシー	とても満足	タクシーの運転手が好印象	20,000円以上 30,000円未満	20,000円以上 30,000円未満	50,000円以上 100,000円未満	初めて	友人・知人	ひがし茶屋街		金沢21世紀美術館		50,000円以上 100,000円未満	満足	説明が分かりやすい	満足	造りが手が込んでいて興味深い	感じなかった		8	危険のない範囲で自由させて欲しい	機会があれば行きたい	アルコール館	男	1969	千葉県	千葉市	700万円以上 800万円未満	景品が当たる, 石川県のおすすめ観光スポットが見たい, 石川県の雑学を知りたい	満足	8	町家が美しい
金沢エリア	石川県立歴史博物館	2025/08/15	同意する	2泊	2泊	金沢エリア  （湯涌温泉、深谷温泉、犀川温泉など）	石川県外には泊まらない	夫婦2人	地元の美味しいものを食べる, 名所、旧跡の観光, まちあるき、都市散策, 	自家用車	自家用車			10,000円以上 20,000円未満	10,000円以上 20,000円未満	20,000円以上 30,000円未満	初めて	インターネット・アプリ	兼六園		選択なし/該当施設なし		1,000円未満	満足	飲食できるスペースがある	満足	綺麗	感じなかった		8		機会があれば行きたい	特になし	女	1973	三重県	四日市市	1,200万円以上 1,500万円未満	景品が当たる	満足	8	石川県立図書館がとても素晴らしかった
金沢エリア	石川県立歴史博物館	2025/08/15	同意する	2泊	2泊	金沢エリア  （湯涌温泉、深谷温泉、犀川温泉など）	石川県外には泊まらない	夫婦2人	地元の美味しいものを食べる, 名所、旧跡の観光, まちあるき、都市散策	自家用車	自家用車			10,000円以上 20,000円未満	5,000円以上 10,000円未満	20,000円以上 30,000円未満	初めて	インターネット・アプリ	金沢21世紀美術館		選択なし/該当施設なし	帰宅	1,000円未満	満足	案内が丁寧だった	どちらでもない	まだ、見る前	感じなかった		5		機会があれば行きたい	特になし	男	1973	三重県	四日市市	1,200万円以上 1,500万円未満	なんとなく	とても満足	8	街並み、緑が多い
金沢エリア	近江町市場商店街	2025/08/15	同意する	1泊	1泊	金沢エリア  （湯涌温泉、深谷温泉、犀川温泉など）	石川県外には泊まらない	中学生以上連れの家族	地元の美味しいものを食べる, 名所、旧跡の観光	自家用車	自家用車	どちらでもない	混雑	10,000円以上 20,000円未満	使わない	10,000円以上 20,000円未満	初めて	インターネット・アプリ	ひがし茶屋街		選択なし/該当施設なし	石川県を離れる為	3,000円以上 5,000円未満	満足	色々な物がある	どちらでもない	大変混雑している	感じた	駐車場	8		機会があれば行きたい	特になし	男	1976	埼玉県	蓮田市	400万円以上 500万円未満	景品が当たる	どちらでもない	8	
金沢エリア	石川県立歴史博物館	2025/08/15	同意する	2泊	2泊	金沢エリア  （湯涌温泉、深谷温泉、犀川温泉など）	石川県外には泊まらない	夫婦2人	宿でのんびり過ごす, 地元の美味しいものを食べる, お気に入りのクラフトビールを飲みに	新幹線	路線バス	満足	短時間で到着できる	10,000円以上 20,000円未満	20,000円以上 30,000円未満	20,000円以上 30,000円未満	初めて	インターネット・アプリ, ブログ, 観光協会等の案内所	金沢21世紀美術館		選択なし/該当施設なし	過去に数回訪問しており、人ごみを避けたいのて	1,000円以上 3,000円未満	どちらでもない	さほど購買品がない	どちらでもない		感じなかった		7		機会があれば行きたい	海産物	男	1965	神奈川県	横浜市	1,500万円以上	景品が当たる	どちらでもない	5	食事
金沢エリア	石川県政記念しいのき迎賓館	2025/08/15	同意する	2泊	2泊	金沢エリア  （湯涌温泉、深谷温泉、犀川温泉など）	石川県外には泊まらない	中学生以上連れの家族	地元の美味しいものを食べる, 名所、旧跡の観光, テーマパーク（遊園地、動物園、博物館など）, まちあるき、都市散策	新幹線	路線バス, 徒歩	満足	ICカードが使えないバスがあることが少し残念	30,000円以上 40,000円未満	10,000円以上 20,000円未満	10,000円以上 20,000円未満	初めて	新聞・雑誌・ガイドブック	兼六園		選択なし/該当施設なし	加賀友禅会館	5,000円以上 10,000円未満	とても満足	静かですし広々しセレクトショップのセンスも良かったので、御椀を買いました。プロモーションVTRもバリエーションがあって、もっといろんなところを訪れたくなりました。	とても満足	静かですし広々している、冷房も効いていて、休憩しやすいです。また、プロモーションVTRもバリエーションがあって、もっと金沢周辺のいろんなところを訪れたくなりました。	感じなかった		10	ウェブショップがあることはもう少しPRしても良いかも、と感じました	機会があれば行きたい	焼き物はもっと積極的に購入したい気持ちもあるが、途中で持ち歩いたりすることを考えるとどうしても躊躇してしまうので、宿に届けてくれるサービスや、一時預かりのサービスなどがあると、もっとよいかもしれないと思いました。	無回答	1983	埼玉県	さいたま市	700万円以上 800万円未満	景品が当たる, なんとなく, 金沢観光は初めてだが、とても気に入ったので、何か声を伝えたかったからです。	満足	9	歴史を感じる街並みと、食べ物が美味しいところ。関東より涼しいところ。
金沢エリア	石川県政記念しいのき迎賓館	2025/08/15	同意する	2泊	1泊	金沢エリア  （湯涌温泉、深谷温泉、犀川温泉など）	京都府	夫婦2人	宿でのんびり過ごす, 温泉や露天風呂, 地元の美味しいものを食べる, 花見や紅葉などの自然鑑賞, 名所、旧跡の観光, テーマパーク（遊園地、動物園、博物館など）, 買い物、アウトレット, お祭りやイベントへの参加・見物, まちあるき、都市散策, ドライブ・ツーリング	自家用車	自家用車			10,000円以上 20,000円未満	40,000円以上 50,000円未満	20,000円以上 30,000円未満	初めて	インターネット・アプリ	兼六園		金沢21世紀美術館		使わない	満足	とても快適です。スタバなどあると◎。	満足	とても綺麗です。	感じなかった		7		機会があれば行きたい	千里浜なぎさドライブウェーか千里浜なぎさドライブウェイかどっちが正式か知りたい。	男	1985	福岡県	福岡市	900万円以上 1,000万円未満	なんとなく	とても満足	10	のんびりしていていい。
金沢エリア	兼六駐車場	2025/08/15	同意する	3泊	2泊	金沢エリア  （湯涌温泉、深谷温泉、犀川温泉など）	富山県	小学生以下連れの家族	地元の美味しいものを食べる, 名所、旧跡の観光, 買い物、アウトレット, まちあるき、都市散策	自家用車	タクシー, 路線バス	どちらでもない		10,000円以上 20,000円未満	30,000円以上 40,000円未満	40,000円以上 50,000円未満	2～5回目	友人・知人, タクシードライバーや地元の人	近江町市場		ひがし茶屋街		3,000円以上 5,000円未満	満足		満足		感じた	公共ゴミ箱があまり無かった	7		機会があれば行きたい	特になし	女	1993	栃木県	鹿沼市	300万円以上 400万円未満	景品が当たる	とても満足	7	
金沢エリア	石川県立歴史博物館	2025/08/15	同意する	2泊	2泊	金沢エリア  （湯涌温泉、深谷温泉、犀川温泉など）	石川県外には泊まらない	小学生以下連れの家族	地元の美味しいものを食べる, 名所、旧跡の観光	新幹線	路線バス	満足	駅から直通だったため	10,000円以上 20,000円未満	30,000円以上 40,000円未満	40,000円以上 50,000円未満	初めて	インターネット・アプリ	金沢21世紀美術館		ひがし茶屋街		5,000円以上 10,000円未満	満足	楽しかったため	満足		感じなかった		6		機会があれば行きたい	こどもが楽しめる施設が駅近くにもっと欲しい	女	1993	東京都	台東区	1,000万円以上 1,200万円未満	景品が当たる	満足	6	
金沢エリア	石川県観光物産館	2025/08/15	同意する	3泊	3泊	加賀エリア （山代温泉、山中温泉、片山津温泉、粟津温泉、辰口温泉、加賀市、小松市など）	石川県外には泊まらない	中学生以上連れの家族	地元の美味しいものを食べる, テーマパーク（遊園地、動物園、博物館など）, 買い物、アウトレット, 友人・親戚を訪ねる	自家用車	自家用車			使わない	使わない	30,000円以上 40,000円未満	11回目以上	友人・知人	選択なし/該当施設なし		選択なし/該当施設なし		3,000円以上 5,000円未満	とても満足	それぞれの商品のテーマごとに分かりやすく区別して展示されていたから。	とても満足	設備が充実しており、買い物の時間を存分に楽しむことが出来たから。	感じなかった		9		また行きたい（1年以内）	特になし	女	2008	東京都	調布市	600万円以上 700万円未満	景品が当たる, ひゃくまんさんが好き	とても満足	10	尾山神社が歴史を感じる建造物が多くあり、自然が多くてとてもリラックスした時間を過ごせた。アクセスも良いので、ぜひ色々な人に来てもらいたい。
金沢エリア	兼六駐車場	2025/08/15	同意する	3泊	3泊	加賀エリア （山代温泉、山中温泉、片山津温泉、粟津温泉、辰口温泉、加賀市、小松市など）	石川県外には泊まらない	中学生以上連れの家族	友人・親戚を訪ねる	自家用車	自家用車			使わない	5,000円以上 10,000円未満	10,000円以上 20,000円未満	2～5回目	以前一度来た事があり、どういう施設か知っていたので。	尾山神社		選択なし/該当施設なし	イオン新小松	5,000円以上 10,000円未満	満足	3000円以上買うと目の前の駐車場が割引になる。	満足	きれいな建物だった。休憩スペースがある。	感じた	クレジットカード払いの時、場所を移動しないと支払えなかった為。	8	自分も食べてみたいと思える土産物が多かったのが良かった。	また行きたい（1年以内）	近江町市場で海鮮丼を食べたが、思った程、新鮮さを感じられず、少しがっかりした。石川県なのだから、海鮮の新鮮さに力を入れて欲しいと思った。	女	1969	東京都	調布市	800万円以上 900万円未満	景品が当たる	満足	9	石川県へは新幹線で気軽に行きやすくなった事。
金沢エリア	尾山神社	2025/08/15	同意する	4泊以上	4泊以上	金沢エリア  （湯涌温泉、深谷温泉、犀川温泉など）	福井県	夫婦2人	温泉や露天風呂, 地元の美味しいものを食べる, 名所、旧跡の観光, アウトドア（海水浴、釣り、登山など）	新幹線	徒歩			50,000円以上 100,000円未満	20,000円以上 30,000円未満	40,000円以上 50,000円未満	初めて	新聞・雑誌・ガイドブック, インターネット・アプリ	尾山神社		選択なし/該当施設なし	ホテルに帰る	使わない	満足	ライトアップされてたから	満足	夜まで開放されてたから	感じなかった		7	ライトアップ鑑賞	機会があれば行きたい	駅から各名所まで距離がある。バスが混む	男	1974	東京都	杉並区	400万円以上 500万円未満	景品が当たる, 石川県のおすすめ観光スポットが見たい	満足	7	歴史的な名所が沢山ある
金沢エリア	金沢東急ホテル	2025/08/16	同意する	2泊	2泊	金沢エリア  （湯涌温泉、深谷温泉、犀川温泉など）	石川県外には泊まらない	中学生以上連れの家族	地元の美味しいものを食べる, 名所、旧跡の観光, まちあるき、都市散策	飛行機	徒歩			10,000円以上 20,000円未満	20,000円以上 30,000円未満	20,000円以上 30,000円未満	初めて	インターネット・アプリ	選択なし/該当施設なし	小松周辺	金沢21世紀美術館		5,000円以上 10,000円未満	とても満足	立地もよくサービスも不足なし。大浴場または温泉があるとなお良い。	満足	立地もよくサービスも不足なし。大浴場または温泉があるとなお良い。	感じなかった	なし	8	立地もよくサービスも不足なし。大浴場または温泉があるとなお良い。	機会があれば行きたい	特になし	男	1970	東京都	目黒区	800万円以上 900万円未満	景品が当たる, ひゃくまんさんが好き	とても満足	10	県立図書館
金沢エリア	ダイワロイネットホテル金沢MIYABI	2025/08/16	同意する	4泊以上	1泊	金沢エリア  （湯涌温泉、深谷温泉、犀川温泉など）	神戸三宮	小学生以下連れの家族	地元の美味しいものを食べる, 名所、旧跡の観光, テーマパーク（遊園地、動物園、博物館など）	自家用車	自家用車	とても満足		10,000円以上 20,000円未満	10,000円以上 20,000円未満	20,000円以上 30,000円未満	初めて	友人・知人	近江町市場		選択なし/該当施設なし		10,000円以上 20,000円未満	満足		満足	大浴場と、脱衣所が気持ちよかった	感じなかった		10		また行きたい（1年以内）	海鮮グルメを	女	1985	長野県	長野市	1,000万円以上 1,200万円未満	景品が当たる	とても満足	8	
金沢エリア	尾山神社	2025/08/16	同意する	2泊	1泊	金沢エリア  （湯涌温泉、深谷温泉、犀川温泉など）	福井県	友人	地元の美味しいものを食べる, 名所、旧跡の観光, テーマパーク（遊園地、動物園、博物館など）	自家用車	自家用車	とても満足	涼しい　癒される	30,000円以上 40,000円未満	20,000円以上 30,000円未満	20,000円以上 30,000円未満	6～10回目	観光展・物産展, 観光パンフレット・ポスター, インターネット・アプリ, 友人・知人	尾山神社		金沢21世紀美術館		1,000円以上 3,000円未満	とても満足		満足	神社好き	感じなかった		10	御朱印購入	また行きたい（1年以内）	体験あるとうれしい	女	1971	大阪府	松原市	500万円以上 600万円未満	景品が当たる, ひゃくまんさんが好き	とても満足	10	特産品購入
金沢エリア	ダイワロイネットホテル金沢MIYABI	2025/08/16	同意する	1泊	4泊以上	金沢エリア  （湯涌温泉、深谷温泉、犀川温泉など）	石川県外には泊まらない	中学生以上連れの家族	宿でのんびり過ごす, 友人・親戚を訪ねる	自家用車	自家用車	とても満足	快適	20,000円以上 30,000円未満	使わない	40,000円以上 50,000円未満	2～5回目	友人・知人	選択なし/該当施設なし	フォーラス	選択なし/該当施設なし	リント	3,000円以上 5,000円未満	とても満足	子供の見たいスポットが充実してるから	とても満足	夏休みの子供が満足	感じなかった	無しです	5	金沢チックで楽しいです	また行きたい（1年以内）	金箔	女	1972	富山県	魚津市	1,200万円以上 1,500万円未満	景品が当たる	とても満足	5	近場で風流
金沢エリア	石川県立図書館	2025/08/16	同意する	2泊	石川県内には宿泊しない	石川県内には宿泊しない	富山県	中学生以上連れの家族	温泉や露天風呂, 地元の美味しいものを食べる, 名所、旧跡の観光, 買い物、アウトレット, 友人・親戚を訪ねる	自家用車	自家用車			3,000円以上 5,000円未満	10,000円以上 20,000円未満	3,000円以上 5,000円未満	初めて	友人・知人	選択なし/該当施設なし	親戚の家、ささら屋、ゴーゴーカレー	選択なし/該当施設なし	高岡市、氷見市	1,000円未満	とても満足	とてもわくわくする素敵な図書館でした。	とても満足		感じなかった		10		また行きたい（1年以内）	郷土料理を食べたい。自然や地元の雰囲気を感じたい。	女	1990	奈良県	御所市	200万円以上 300万円未満	なんとなく	とても満足	10	
金沢エリア	尾山神社	2025/08/16	同意する	2泊	1泊	金沢エリア  （湯涌温泉、深谷温泉、犀川温泉など）	福井県	親	地元の美味しいものを食べる, 名所、旧跡の観光	新幹線, 在来線	路線バス	満足	本数が多かったから	10,000円以上 20,000円未満	10,000円以上 20,000円未満	10,000円以上 20,000円未満	初めて	新聞・雑誌・ガイドブック, TV・ラジオ番組やCM	近江町市場		兼六園		1,000円未満	満足	御朱印帳の値段	満足	文化的なものだから	感じなかった		8		また行きたい（1年以内）	値段が高い	男	2010	大阪府	大阪市	900万円以上 1,000万円未満		とても満足	10	新幹線 行きやすくなったから
金沢エリア	安江金箔工芸館	2025/08/16	同意する	1泊	1泊	金沢エリア  （湯涌温泉、深谷温泉、犀川温泉など）	石川県外には泊まらない	夫婦2人	地元の美味しいものを食べる, 名所、旧跡の観光	新幹線, 在来線	在来線, 路線バス	とても満足	金沢の工芸、手仕事を見れたから	5,000円以上 10,000円未満	5,000円以上 10,000円未満	10,000円以上 20,000円未満	2～5回目	観光パンフレット・ポスター, Instagram, 観光協会等の案内所	兼六園		金沢21世紀美術館		5,000円以上 10,000円未満	とても満足	美味しいものが食べれた	とても満足	関西にない	感じなかった		8		機会があれば行きたい	地産地消、安い、コスパ	女	1984	京都府	京都市	100万円以上 200万円未満	景品が当たる, 石川県の雑学を知りたい	とても満足	10	
金沢エリア	スーパーホテルPremier金沢駅東口	2025/08/16	同意する	1泊	1泊	金沢エリア  （湯涌温泉、深谷温泉、犀川温泉など）	石川県外には泊まらない	自分ひとり	出張など仕事関係	新幹線, 在来線	徒歩			5,000円以上 10,000円未満	10,000円以上 20,000円未満	10,000円以上 20,000円未満	2～5回目	インターネット・アプリ, Instagram	ひがし茶屋街		尾山神社	石川県立図書館	10,000円以上 20,000円未満	満足	接遇が丁寧だった	満足	心地よく過ごせました	感じなかった		9		また行きたい（1年以内）	飲食	女	1970	兵庫県	西宮市	600万円以上 700万円未満	景品が当たる, ひゃくまんさんが好き	とても満足	9	混みすぎず、観光場所もたくさんあるから
金沢エリア	石川県観光物産館	2025/08/16	同意する	3泊	3泊	金沢エリア  （湯涌温泉、深谷温泉、犀川温泉など）	石川県外には泊まらない	小学生以下連れの家族	宿でのんびり過ごす, 各種体験（手作り、果物狩りなど）	飛行機	自家用車			40,000円以上 50,000円未満	40,000円以上 50,000円未満	20,000円以上 30,000円未満	初めて	観光パンフレット・ポスター	兼六園		ひがし茶屋街		3,000円以上 5,000円未満	とても満足	混雑していないから	とても満足	金沢らしい体験ができた	感じなかった		7	お抹茶がたてられる体験もあったらよかった。	また行きたい（1年以内）	海鮮	女	1977	埼玉県	所沢市	1,500万円以上	景品が当たる	とても満足	10	金沢城
金沢エリア	兼六駐車場	2025/08/16	同意する	4泊以上	1泊	金沢エリア  （湯涌温泉、深谷温泉、犀川温泉など）	長野県でキャンプ	小学生以下連れの家族	地元の美味しいものを食べる, 名所、旧跡の観光, 買い物、アウトレット, まちあるき、都市散策, ドライブ・ツーリング	自家用車	自家用車			10,000円以上 20,000円未満	5,000円以上 10,000円未満	20,000円以上 30,000円未満	初めて	観光パンフレット・ポスター, Instagram, YouTube	兼六園		選択なし/該当施設なし	なぎさドライブウェイ	1,000円以上 3,000円未満	とても満足	歴史と自然を感じる事が出来ました。	満足		感じなかった		10		また行きたい（1年以内）	地域が広いので時間をかけて回りたいと感じました。	男	1988	神奈川県	横須賀市	600万円以上 700万円未満	石川県のおすすめ観光スポットが見たい, なんとなく	とても満足	10	神奈川県には無い良い所があった
金沢エリア	金沢蓄音器館	2025/08/16	同意する	1泊	1泊	金沢エリア  （湯涌温泉、深谷温泉、犀川温泉など）	石川県外には泊まらない	自分ひとり	地元の美味しいものを食べる, 名所、旧跡の観光, まちあるき、都市散策	新幹線, 在来線	路線バス, 徒歩	満足	路線バスは本数もそれなりにあり便利	5,000円以上 10,000円未満	20,000円以上 30,000円未満	20,000円以上 30,000円未満	初めて	新聞・雑誌・ガイドブック, 観光パンフレット・ポスター	近江町市場		ひがし茶屋街		1,000円未満	満足	実際に音を聞ける展示があり楽しめた	満足		感じなかった		8		機会があれば行きたい	海産物以外の名物があるならもっと知りたかった	男	1991	東京都	練馬区	700万円以上 800万円未満	景品が当たる, なんとなく	満足	9	近江街市場での食事や食べ歩き。多くの飲食店があり見ているだけで楽しい
金沢エリア	金沢中央観光案内所	2025/08/16	同意する	1泊	1泊	金沢エリア  （湯涌温泉、深谷温泉、犀川温泉など）	石川県外には泊まらない	夫婦2人	地元の美味しいものを食べる, 名所、旧跡の観光, まちあるき、都市散策	新幹線, 在来線	路線バス, 徒歩	満足	新幹線で敦賀からすぐに着いた。	5,000円以上 10,000円未満	5,000円以上 10,000円未満	10,000円以上 20,000円未満	初めて	インターネット・アプリ	金沢21世紀美術館		兼六園		使わない	とても満足	きれいなマンホールカードをいただけた。	とても満足	施設の方の対応も丁寧であった。	感じなかった		10		機会があれば行きたい	寿司を楽しみにしていたが、回転寿司のレベルが高かった。次の機会には他の寿司屋にも行ってみたい。	男	1983	京都府	京都市	800万円以上 900万円未満	景品が当たる, ひゃくまんさんが好き, 石川県のおすすめ観光スポットが見たい	とても満足	10	東茶屋町の雰囲気がよかった。21世紀美術館がよかった。
金沢エリア	金沢港クルーズターミナル	2025/08/17	同意する	2泊	2泊	加賀エリア （山代温泉、山中温泉、片山津温泉、粟津温泉、辰口温泉、加賀市、小松市など）	石川県外には泊まらない	恋人	宿でのんびり過ごす, 温泉や露天風呂, 地元の美味しいものを食べる	新幹線	レンタカー	とても満足	駐車場が充実していた	20,000円以上 30,000円未満	20,000円以上 30,000円未満	30,000円以上 40,000円未満	初めて	Instagram	選択なし/該当施設なし	金沢駅	ひがし茶屋街		使わない	満足	売店などがあれば良いと思った	満足	混みあって居なくて良かったが、見所が少なかった	感じなかった		8	カフェがオシャレで良かった	また行きたい（1年以内）	特になし	女	1983	大阪府	茨木市	200万円以上 300万円未満	景品が当たる, ひゃくまんさんが好き, なんとなく	とても満足	10	人が良い！ご飯が美味しい！
金沢エリア	尾山神社	2025/08/17	同意する	1泊	1泊	金沢エリア  （湯涌温泉、深谷温泉、犀川温泉など）	富山県	夫婦2人	地元の美味しいものを食べる, 名所、旧跡の観光, まちあるき、都市散策	自家用車	自家用車, 路線バス			3,000円以上 5,000円未満	5,000円以上 10,000円未満	10,000円以上 20,000円未満	初めて	インターネット・アプリ	兼六園		金沢21世紀美術館		1,000円以上 3,000円未満	満足	いろんなものがあってよい	満足	いろんなものがあってよい	感じなかった		7		また行きたい（1年以内）	かなざわおでんが、おいしい	女	1967	新潟県	新潟市	1,000万円以上 1,200万円未満	石川県のおすすめ観光スポットが見たい	満足	8	兼六園
金沢エリア	尾山神社	2025/08/17	同意する	1泊	1泊	金沢エリア  （湯涌温泉、深谷温泉、犀川温泉など）	石川県外には泊まらない	夫婦2人	地元の美味しいものを食べる, まちあるき、都市散策	自家用車	路線バス	とても満足	観光地を周遊してくれる	10,000円以上 20,000円未満	10,000円以上 20,000円未満	20,000円以上 30,000円未満	初めて	インターネット・アプリ	選択なし/該当施設なし	尾﨑神社	兼六園		3,000円以上 5,000円未満	とても満足	歴史を感じる	とても満足	綺麗	感じなかった		10		機会があれば行きたい	特になし	男	1966	新潟県	新潟市	1,000万円以上 1,200万円未満	景品が当たる	とても満足	10	
金沢エリア	加賀友禅会館（加賀友禅ミュージアムそめりあ）	2025/08/17	同意する	3泊	3泊	金沢エリア  （湯涌温泉、深谷温泉、犀川温泉など）	石川県外には泊まらない	友人	名所、旧跡の観光	飛行機	徒歩	とても満足	蓮ノ空が好きで来てみたんですが実際に舞台になってる地域に来て触れることが出来てすっごく満足です	40,000円以上 50,000円未満	50,000円以上 100,000円未満	40,000円以上 50,000円未満	初めて	X(旧：Twitter), 蓮ノ空	兼六園		尾山神社		3,000円以上 5,000円未満	とても満足	上記の理由と同じ	とても満足	上記と同じ	感じなかった		10		また行きたい（1年以内）	コラボ	男	1994	東京都	北区	300万円以上 400万円未満		とても満足	10	
金沢エリア	金沢駅	2025/08/17	同意する	1泊	1泊	金沢エリア  （湯涌温泉、深谷温泉、犀川温泉など）	石川県外には泊まらない	友人	地元の美味しいものを食べる	新幹線	路線バス	とても満足	寝てたら着きました	5,000円以上 10,000円未満	50,000円以上 100,000円未満	40,000円以上 50,000円未満	2～5回目	友人・知人	ひがし茶屋街		選択なし/該当施設なし	帰宅します	1,000円未満	とても満足	お土産買えました	満足	綺麗です	感じなかった		10	観光案内が素晴らしい	機会があれば行きたい	散策	男	1976	神奈川県	川崎市	1,200万円以上 1,500万円未満	景品が当たる	とても満足	10	観光が豊か
金沢エリア	石川県観光物産館	2025/08/17	同意する	1泊	1泊	金沢エリア  （湯涌温泉、深谷温泉、犀川温泉など）	石川県外には泊まらない	娘	地元の美味しいものを食べる, 名所、旧跡の観光	自家用車	自家用車			5,000円以上 10,000円未満	1,000円以上 3,000円未満	20,000円以上 30,000円未満	初めて	インターネット・アプリ, Instagram	兼六園		ひがし茶屋街		5,000円以上 10,000円未満	満足	駐車場がわかりやすくてきれいでした。	とても満足		感じなかった		9		また行きたい（1年以内）	特になし	女	1977	長野県	松本市	400万円以上 500万円未満	景品が当たる	満足	9	車で来やすい。観光地がまとまっていてわかりやすい
金沢エリア	尾山神社	2025/08/17	同意する	4泊以上	4泊以上	金沢エリア  （湯涌温泉、深谷温泉、犀川温泉など）	石川県外には泊まらない	小学生以下連れの家族	帰省	自家用車	自家用車			使わない	5,000円以上 10,000円未満	20,000円以上 30,000円未満	11回目以上	タクシードライバーや地元の人	選択なし/該当施設なし	金沢駅	選択なし/該当施設なし	金沢神社	1,000円以上 3,000円未満	とても満足	お守りどころが涼しかった	とても満足	荘厳です。	感じなかった		10	綺麗でした	また行きたい（1年以内）	魚です！	女	1987	神奈川県	川崎市	1,000万円以上 1,200万円未満	景品が当たる, ひゃくまんさんが好き	とても満足	10	食が最高！
金沢エリア	眠音ホテル	2025/08/17	同意する	3泊	3泊	金沢エリア  （湯涌温泉、深谷温泉、犀川温泉など）	石川県外には泊まらない	小学生以下連れの家族	友人・親戚を訪ねる	自家用車	自家用車			20,000円以上 30,000円未満	3,000円以上 5,000円未満	5,000円以上 10,000円未満	初めて	インターネット・アプリ	近江町市場		選択なし/該当施設なし	健民プール	1,000円以上 3,000円未満	とても満足	家族5人余裕のある広い早に寝泊まりできた。	とても満足		感じた	出入り口に近い部屋だったためか玄関先での話し声などが聞こえた。	8	ヘアアイロン、櫛、ファブリーズが欲しかった。	機会があれば行きたい	子供達が遊びながら学べる施設がもう少し増えると嬉しい。（自分で着物を着付けるや三味線作りなど）	女	1986	静岡県	浜松市	500万円以上 600万円未満	景品が当たる, 石川県のおすすめ観光スポットが見たい, 石川県の雑学を知りたい, なんとなく	とても満足	10	眠音ホテルが子連れ宿泊にとても適していると感じた。
金沢エリア	屋内木育施設 もりのひみつきち	2025/08/18	同意する	3泊	3泊	金沢エリア  （湯涌温泉、深谷温泉、犀川温泉など）	石川県外には泊まらない	小学生以下連れの家族	テーマパーク（遊園地、動物園、博物館など）, アウトドア（海水浴、釣り、登山など）, 友人・親戚を訪ねる	レンタカー, 新幹線	レンタカー	とても満足	道が広く運転しやすかった。無料の駐車場があってよかった。	10,000円以上 20,000円未満	50,000円以上 100,000円未満	40,000円以上 50,000円未満	初めて	インターネット・アプリ, 友人・知人	近江町市場		選択なし/該当施設なし	金沢駅	1,000円以上 3,000円未満	とても満足	利用料が安かった。	とても満足	子供がとても楽しそうに遊んでくれた。子供がたくさん体を動かした。	感じなかった		10		また行きたい（1年以内）	子供向けの施設やアクティビティ、飲食店。	女	1992	東京都	大田区	1,200万円以上 1,500万円未満	ひゃくまんさんが好き, ARでひゃくまんさんと写真が撮りたかった	とても満足	10	子供が遊べる室内施設が多く、利用料金もお手頃だった。
金沢エリア	石川県観光物産館	2025/08/18	同意する	1泊	1泊	金沢エリア  （湯涌温泉、深谷温泉、犀川温泉など）	石川県外には泊まらない	姉妹	地元の美味しいものを食べる, 名所、旧跡の観光, 買い物、アウトレット, まちあるき、都市散策	新幹線, 在来線	路線バス	とても満足	1日乗車券があってよかった	5,000円以上 10,000円未満	10,000円以上 20,000円未満	10,000円以上 20,000円未満	初めて	観光パンフレット・ポスター, Instagram	近江町市場		兼六園		1,000円以上 3,000円未満	とても満足	お土産がたくさんあってよかった	とても満足	地下のお土産の展示が良かった	感じなかった		10		また行きたい（1年以内）	石川でしか買えないもの	女	1998	兵庫県	神戸市	200万円以上 300万円未満	景品が当たる, 石川県のおすすめ観光スポットが見たい	とても満足	10	景色が綺麗で交通も便利
金沢エリア	兼六駐車場	2025/08/18	同意する	日帰り	石川県内には宿泊しない	石川県内には宿泊しない	富山県民	中学生以上連れの家族	地元の美味しいものを食べる, 名所、旧跡の観光	自家用車	自家用車			使わない	使わない	5,000円以上 10,000円未満	2～5回目	Instagram	近江町市場		ひがし茶屋街		1,000円以上 3,000円未満	とても満足	店員が優しい	とても満足	たべものがおいしく、景色がキレイ	感じなかった		4	とてもまんぞく	また行きたい（1年以内）	とくになし	女	2002	富山県	下新川郡入善町	300万円以上 400万円未満	景品が当たる, 石川県のおすすめ観光スポットが見たい	とても満足	3	日本の落ち着いた雰囲気を楽しめるから
金沢エリア	石川県立歴史博物館	2025/08/18	同意する	1泊	1泊	金沢エリア  （湯涌温泉、深谷温泉、犀川温泉など）	福井県	親	名所、旧跡の観光	自家用車	タクシー, 路線バス	とても満足	一日何回バスに乗っても800円で済んだから	30,000円以上 40,000円未満	10,000円以上 20,000円未満	30,000円以上 40,000円未満	初めて	観光展・物産展, 新聞・雑誌・ガイドブック, Facebook, 友人・知人	兼六園		金沢21世紀美術館		使わない	とても満足	クーラがきちんと効いている	とても満足	歴史物が間近で見られるから。	感じなかった		10	休憩所があるのが大変良かったです	また行きたい（1年以内）	金箔以外ももっと進めてほしいかな	男	2008	大阪府	豊中市	1,200万円以上 1,500万円未満	なんとなく	とても満足	10	この施設をぜひ進めたい歴史に興味を持ってもらえるきっかけになるから。
金沢エリア	尾山神社	2025/08/18	同意する	2泊	2泊	金沢エリア  （湯涌温泉、深谷温泉、犀川温泉など）	石川県外には泊まらない	夫婦2人	温泉や露天風呂, 地元の美味しいものを食べる, 名所、旧跡の観光, まちあるき、都市散策	自家用車	徒歩			40,000円以上 50,000円未満	20,000円以上 30,000円未満	10,000円以上 20,000円未満	初めて	インターネット・アプリ	兼六園		金沢21世紀美術館		1,000円未満	とても満足	展示されているものが面白かった。	とても満足	移動の際の道の石垣も楽しめたから。	感じなかった		10	暑い時期なので冷たい飲み物に癒されました。	また行きたい（1年以内）	ガイド付きでの観光だと見どころを伝えてもらえるので良いと思いました。	女	1971	静岡県	静岡市	600万円以上 700万円未満	景品が当たる, 石川県の雑学を知りたい	とても満足	10	地酒がおすすめです。
金沢エリア	KOKOHOTEL Premier 金沢香林坊	2025/08/19	同意する	1泊	1泊	金沢エリア  （湯涌温泉、深谷温泉、犀川温泉など）	石川県外には泊まらない	夫婦2人	地元の美味しいものを食べる, 名所、旧跡の観光, お祭りやイベントへの参加・見物	自家用車	自家用車		立地がとても良い	10,000円以上 20,000円未満	3,000円以上 5,000円未満	3,000円以上 5,000円未満	2～5回目	TV・ラジオ番組やCM	兼六園		選択なし/該当施設なし	金沢城	1,000円以上 3,000円未満	とても満足	とても良い	とても満足	とても綺麗	感じなかった		8	すべてに於いて良い	また行きたい（1年以内）	金箔	男	1957	富山県	富山市	200万円以上 300万円未満	景品が当たる	とても満足	10	金沢城
金沢エリア	石川県政記念しいのき迎賓館	2025/08/19	同意する	2泊	2泊	金沢エリア  （湯涌温泉、深谷温泉、犀川温泉など）	石川県外には泊まらない	小学生以下連れの家族	地元の美味しいものを食べる, テーマパーク（遊園地、動物園、博物館など）, まちあるき、都市散策	自家用車	徒歩			10,000円以上 20,000円未満	5,000円以上 10,000円未満	20,000円以上 30,000円未満	初めて	観光パンフレット・ポスター	兼六園		金沢21世紀美術館		1,000円未満	とても満足	しあわせのリカちゃん展を見ることができたから	とても満足	施設も綺麗で、休憩もできたから	感じなかった		10		機会があれば行きたい	特になし	女	1984	岡山県	倉敷市	1,500万円以上	景品が当たる	とても満足	10	食べ物が美味しいし、魅力的なお土産も多い
金沢エリア	金沢駅	2025/08/19	同意する	4泊以上	4泊以上	金沢エリア  （湯涌温泉、深谷温泉、犀川温泉など）	石川県外には泊まらない	夫婦2人	宿でのんびり過ごす, テーマパーク（遊園地、動物園、博物館など）, 買い物、アウトレット, まちあるき、都市散策	自家用車	自家用車			50,000円以上 100,000円未満	20,000円以上 30,000円未満	50,000円以上 100,000円未満	2～5回目	観光展・物産展, 観光協会等の案内所	近江町市場		ひがし茶屋街		5,000円以上 10,000円未満	とても満足	お寿司が美味しい	とても満足	色々な物を販売している	感じなかった		8	何回も来ているので目先の変わった物があると嬉しい	また行きたい（1年以内）	とても豊かですが4月から5回も来ているので何か目新しいものがあると嬉しいです。	女	1965	埼玉県	鴻巣市	100万円未満	景品が当たる, ひゃくまんさんが好き	とても満足	10	いつも泊まっているホテルが快適なので他の人に薦めている。観光拠点になる。
金沢エリア	石川県立歴史博物館	2025/08/19	同意する	4泊以上	4泊以上	金沢エリア  （湯涌温泉、深谷温泉、犀川温泉など）	石川県外には泊まらない	自分ひとり	地元の美味しいものを食べる, 名所、旧跡の観光, テーマパーク（遊園地、動物園、博物館など）, まちあるき、都市散策	新幹線, バス	在来線	とても不満	愛知からだと、金沢に行くには、とても不便になったから	40,000円以上 50,000円未満	5,000円以上 10,000円未満	50,000円以上 100,000円未満	初めて	新聞・雑誌・ガイドブック, インターネット・アプリ	選択なし/該当施設なし	金沢城公園	金沢21世紀美術館		1,000円以上 3,000円未満	満足		とても満足	とても整備されており、案内の人も丁寧だから	感じなかった		8	休憩出来るところが、とてもお洒落で綺麗	どちらともいえない	もう少し、金沢の九谷焼や象嵌等の文化が分かりやすく提示して欲しかった	女	1971	愛知県	あま市	1,500万円以上	景品が当たる, なんとなく	満足	8	
金沢エリア	金沢城公園	2025/08/19	同意する	2泊	2泊	金沢エリア  （湯涌温泉、深谷温泉、犀川温泉など）	石川県外には泊まらない	親	地元の美味しいものを食べる, 名所、旧跡の観光, まちあるき、都市散策, 各種体験（手作り、果物狩りなど）	新幹線	徒歩			5,000円以上 10,000円未満	30,000円以上 40,000円未満	20,000円以上 30,000円未満	初めて	インターネット・アプリ	ひがし茶屋街		兼六園		1,000円以上 3,000円未満	とても満足	豆皿茶屋でのごはんが美味しかったです！	とても満足	無料シアターや歴史絵巻などがあり、金沢城の理解が深まりました。	感じなかった		10	豆皿茶屋でのごはんが美味しかったです！	また行きたい（1年以内）	のどぐろ入りの海鮮丼、輪島塗体験	女	2002	東京都	港区	100万円未満	景品が当たる, 動く３Dひゃくまんさんを見たい, 石川県のおすすめ観光スポットが見たい, 石川県の雑学を知りたい	とても満足	10	ひがし茶屋街。風情を感じられて、美味しい食べ物（金箔ソフトクリームなど）もたくさんあるから。
金沢エリア	金沢城公園	2025/08/19	同意する	2泊	2泊	金沢エリア  （湯涌温泉、深谷温泉、犀川温泉など）	石川県外には泊まらない	中学生以上連れの家族	地元の美味しいものを食べる, 花見や紅葉などの自然鑑賞, 名所、旧跡の観光, まちあるき、都市散策, 各種体験（手作り、果物狩りなど）	新幹線	徒歩		とてもゆっくり出来て、大満足です。	5,000円以上 10,000円未満	30,000円以上 40,000円未満	20,000円以上 30,000円未満	初めて	インターネット・アプリ	ひがし茶屋街		兼六園		1,000円以上 3,000円未満	満足	お寿司御前、お腹いっぱいです。お菓子よりおかずが多い方がよかったかな。	とても満足	綺麗	感じなかった		9	御前のお菓子を減らしておかずを増やしてほしい。	また行きたい（1年以内）	のどくろをもっと食べれるお店があったらよかった。	女	1969	東京都	港区	1,500万円以上	景品が当たる	とても満足	10	金箔貼り体験
金沢エリア	石川県立歴史博物館	2025/08/19	同意する	4泊以上	4泊以上	金沢エリア  （湯涌温泉、深谷温泉、犀川温泉など）	福井県	夫婦2人	宿でのんびり過ごす, 温泉や露天風呂, 地元の美味しいものを食べる, 名所、旧跡の観光, まちあるき、都市散策, のんびり滞在	自家用車	路線バス	不満	バス停から少し遠い。、年率博物館あたりにバス停があると良い。	50,000円以上 100,000円未満	5,000円以上 10,000円未満	20,000円以上 30,000円未満	11回目以上	新聞・雑誌・ガイドブック, 観光パンフレット・ポスター, インターネット・アプリ, X(旧：Twitter), Instagram, Facebook, 友人・知人	兼六園		選択なし/該当施設なし		1,000円未満	とても満足	歴史をしっかり知ることができて感銘した	とても満足	充実した展示と説明	感じなかった		9		また行きたい（1年以内）	美味しいものと見るものとの組み合わせ	女	1960	千葉県	柏市	1,200万円以上 1,500万円未満	景品が当たる, なんとなく	満足	9	
金沢エリア	石川県政記念しいのき迎賓館	2025/08/19	同意する	3泊	2泊	金沢エリア  （湯涌温泉、深谷温泉、犀川温泉など）	富山県	夫婦2人	地元の美味しいものを食べる, 名所、旧跡の観光, テーマパーク（遊園地、動物園、博物館など）, まちあるき、都市散策	新幹線	徒歩			10,000円以上 20,000円未満	10,000円以上 20,000円未満	20,000円以上 30,000円未満	初めて	新聞・雑誌・ガイドブック	ひがし茶屋街		金沢21世紀美術館		50,000円以上 100,000円未満	とても満足	すべてが良かった	満足	レストランとセレクトショップ	感じなかった		9		機会があれば行きたい	特になし	男	1970	東京都	立川市	1,000万円以上 1,200万円未満	ひゃくまんさんが好き, ARでひゃくまんさんと写真が撮りたかった, 動く３Dひゃくまんさんを見たい, 石川県のおすすめ観光スポットが見たい	とても満足	9	
金沢エリア	加賀友禅会館（加賀友禅ミュージアムそめりあ）	2025/08/19	同意する	1泊	1泊	金沢エリア  （湯涌温泉、深谷温泉、犀川温泉など）	石川県外には泊まらない	小学生以下連れの家族	地元の美味しいものを食べる, まちあるき、都市散策, 各種体験（手作り、果物狩りなど）	新幹線	路線バス	満足	1日フリーのバス券での移動がしやすかった。	5,000円以上 10,000円未満	10,000円以上 20,000円未満	10,000円以上 20,000円未満	初めて	インターネット・アプリ, ChatGPT	金沢21世紀美術館		ひがし茶屋街		3,000円以上 5,000円未満	満足	加賀友禅の技法を知って楽しく作成出来ました。	満足	楽しく体験できましたが、入館料が高いと感じました。	感じなかった		8		機会があれば行きたい	外国人向けなのか少し高いなーと思うお店が多かったです。	女	1977	千葉県	柏市	600万円以上 700万円未満	景品が当たる	満足	8	金沢周辺は集約されていてバスでの移動がしやすかったです。1日フリーパスが有効でした。
金沢エリア	金沢21世紀美術館	2025/08/19	同意する	1泊	1泊	金沢エリア  （湯涌温泉、深谷温泉、犀川温泉など）	石川県外には泊まらない	親	地元の美味しいものを食べる, 名所、旧跡の観光, テーマパーク（遊園地、動物園、博物館など）, スポーツ観戦や芸術鑑賞（コンサート等）	新幹線	路線バス, 金沢駅とホテルの往復バス	満足	本数が多く、利用しやすかった一方で、全国交通系ICカードが使えなかったので運賃を支払うのに手間取った。	10,000円以上 20,000円未満	10,000円以上 20,000円未満	10,000円以上 20,000円未満	初めて	新聞・雑誌・ガイドブック, 観光パンフレット・ポスター, インターネット・アプリ, 18TRIPというスマートフォンゲームのストーリーで、キャラクターが訪れていた場所に行きました。	選択なし/該当施設なし		ひがし茶屋街		1,000円以上 3,000円未満	とても満足		とても満足		感じなかった		10		機会があれば行きたい	特になし。	女	2009	千葉県	松戸市	800万円以上 900万円未満	景品が当たる, ひゃくまんさんが好き, ARでひゃくまんさんと写真が撮りたかった, 動く３Dひゃくまんさんを見たい, なんとなく	とても満足	10	近江町市場で食べた海鮮丼がとても美味しかったです。また、金箔屋さくださんで金箔貼り体験をしたのですが、オリジナルのデザインを描くことができ、また解説もあって本格的でした。兼六園や金沢城公園の景観も美しかったです。ひがし茶屋街では食べ歩きが禁止され、さらにそれを破る人もいなかかったため快適に街歩きができました。 何よりも交通の便がよく、観光スポット同士の距離が近い上、バスが多く走っているため移動時間が短かったのが良かったです。
金沢エリア	石川県政記念しいのき迎賓館	2025/08/20	同意する	日帰り	石川県内には宿泊しない	石川県内には宿泊しない	石川県外には泊まらない	夫婦2人	名所、旧跡の観光, テーマパーク（遊園地、動物園、博物館など）, まちあるき、都市散策	自家用車	自家用車	とても満足	21世紀美術館のイベントやしいのき迎賓館のイベントも見れて楽しかったです。	3,000円以上 5,000円未満	1,000円以上 3,000円未満	5,000円以上 10,000円未満	11回目以上	観光展・物産展, 新聞・雑誌・ガイドブック	金沢21世紀美術館		兼六園		3,000円以上 5,000円未満	とても満足	清潔でよかったです。	とても満足		感じなかった		10		また行きたい（1年以内）	海鮮が美味しかったです。	男	1962	富山県	小矢部市	600万円以上 700万円未満	景品が当たる, ひゃくまんさんが好き, 石川県のおすすめ観光スポットが見たい	とても満足	10	兼六園
金沢エリア	尾山神社	2025/08/20	同意する	2泊	2泊	金沢エリア  （湯涌温泉、深谷温泉、犀川温泉など）	石川県外には泊まらない	中学生以上連れの家族	名所、旧跡の観光	自家用車	自家用車	とても満足	御朱印もいただき、非常に満足	40,000円以上 50,000円未満	20,000円以上 30,000円未満	30,000円以上 40,000円未満	2～5回目	新聞・雑誌・ガイドブック	兼六園		兼六園		10,000円以上 20,000円未満	とても満足		とても満足	歴史を感じることができました	感じなかった		10		また行きたい（1年以内）	特にぬし	男	1973	秋田県	大館市	500万円以上 600万円未満	景品が当たる, ひゃくまんさんが好き	とても満足	10	
金沢エリア	石川県立歴史博物館	2025/08/20	同意する	1泊	1泊	金沢エリア  （湯涌温泉、深谷温泉、犀川温泉など）	石川県外には泊まらない	自分ひとり	名所、旧跡の観光, まちあるき、都市散策	新幹線, 在来線	徒歩			3,000円以上 5,000円未満	10,000円以上 20,000円未満	5,000円以上 10,000円未満	2～5回目	観光パンフレット・ポスター, インターネット・アプリ, X(旧：Twitter), Instagram	選択なし/該当施設なし	国立工芸館	選択なし/該当施設なし		1,000円以上 3,000円未満	とても満足	見応えがあったから。	とても満足		感じなかった		10		機会があれば行きたい	特になし	男	1999	奈良県	生駒郡安堵町	400万円以上 500万円未満	なんとなく	とても満足	10	居心地が良く勉強にもなるので、県立歴史博物館を薦めたい。
金沢エリア	石川県政記念しいのき迎賓館	2025/08/20	同意する	2泊	2泊	金沢エリア  （湯涌温泉、深谷温泉、犀川温泉など）	石川県外には泊まらない	中学生以上連れの家族	地元の美味しいものを食べる, 名所、旧跡の観光, まちあるき、都市散策	新幹線	路線バス	満足	バスの本数も多く便利	5,000円以上 10,000円未満	1,000円以上 3,000円未満	10,000円以上 20,000円未満	初めて	インターネット・アプリ	金沢21世紀美術館		選択なし/該当施設なし	香林坊	1,000円以上 3,000円未満	満足	落ち着いた雰囲気でデザートセットも美味しい	とても満足	景色も最高だった	感じなかった		9	金沢城を背景に素晴らしい景色をもっと売りにしていいのでは？	機会があれば行きたい	食事の料金がもう少し安くなれば	男	1961	埼玉県	さいたま市	800万円以上 900万円未満	景品が当たる	満足	9	食べ物が美味しく、歴史に根ざしたデザイン美が素晴らしい
金沢エリア	金沢駅	2025/08/20	同意する	1泊	1泊	金沢エリア  （湯涌温泉、深谷温泉、犀川温泉など）	石川県外には泊まらない	友人	名所、旧跡の観光	飛行機	路線バス	満足	快適だった	10,000円以上 20,000円未満	20,000円以上 30,000円未満	10,000円以上 20,000円未満	初めて	Instagram	選択なし/該当施設なし	工芸館	兼六園		1,000円以上 3,000円未満	満足	じっくり見れた	満足	静かで良かった	感じなかった		8		また行きたい（1年以内）	食事はこれから	女	1957	神奈川県	横浜市	400万円以上 500万円未満	ひゃくまんさんが好き	満足	8	ホテルのおもてなし
金沢エリア	尾山神社	2025/08/21	同意する	1泊	1泊	金沢エリア  （湯涌温泉、深谷温泉、犀川温泉など）	石川県外には泊まらない	中学生以上連れの家族	名所、旧跡の観光, まちあるき、都市散策	バス	徒歩	満足	神門がきれい	10,000円以上 20,000円未満	1,000円以上 3,000円未満	10,000円以上 20,000円未満	初めて	インターネット・アプリ	近江町市場		金沢21世紀美術館		1,000円未満	満足	面白そう	満足		感じなかった		8		機会があれば行きたい	もう少しお手頃な飲食店を知りたい。	男	1972	愛知県	一宮市	300万円以上 400万円未満	景品が当たる	満足	7	
金沢エリア	尾山神社	2025/08/21	同意する	1泊	1泊	金沢エリア  （湯涌温泉、深谷温泉、犀川温泉など）	金沢	中学生以上連れの家族	宿でのんびり過ごす	自家用車	自家用車	とても満足	駐車場に停めて、色々と周れたから	10,000円以上 20,000円未満	5,000円以上 10,000円未満	10,000円以上 20,000円未満	初めて	インターネット・アプリ	兼六園		ひがし茶屋街		1,000円未満	とても満足	とても空気が良く気持ち良かったです	とても満足	ゆっくり出来た	感じなかった		10	よく知らずに来たけど、とても良い所でした	また行きたい（1年以内）	食べ物が美味しい	女	1969	愛知県	愛西市	1,000万円以上 1,200万円未満	景品が当たる	とても満足	10	すべて
金沢エリア	尾山神社	2025/08/21	同意する	1泊	1泊	金沢エリア  （湯涌温泉、深谷温泉、犀川温泉など）	石川県外には泊まらない	親	宿でのんびり過ごす, 地元の美味しいものを食べる, 名所、旧跡の観光	自家用車	徒歩			5,000円以上 10,000円未満	使わない	10,000円以上 20,000円未満	初めて	観光展・物産展, 観光パンフレット・ポスター	兼六園		ひがし茶屋街		1,000円未満	とても満足	おみくじが種類豊富で楽しかった！	とても満足	木々がきれいで神聖な場所だと思いました！	感じなかった		10	飲食系（カフェのようなもの）がもっとあったら休めていいと思いました。	機会があれば行きたい	ひゃくまんさんのキャラクターがとっても可愛いので、フィギュアやキーホルダーなどを作って欲しいです！	女	2003	愛知県	愛西市	400万円以上 500万円未満	景品が当たる, ひゃくまんさんが好き	とても満足	10	兼六園 朝早く行くと人も少なく、無料で見れるのでとても良いと思いました！
金沢エリア	金沢港クルーズターミナル	2025/08/21	同意する	2泊	2泊	金沢エリア  （湯涌温泉、深谷温泉、犀川温泉など）	石川県外には泊まらない	中学生以上連れの家族	地元の美味しいものを食べる, 名所、旧跡の観光, まちあるき、都市散策	新幹線	路線バス	満足	いきいき市場にもバス亭があったらより便利だと思った	30,000円以上 40,000円未満	50,000円以上 100,000円未満	20,000円以上 30,000円未満	初めて	観光展・物産展, 新聞・雑誌・ガイドブック, インターネット・アプリ, Instagram	尾山神社		兼六園		1,000円以上 3,000円未満	とても満足		とても満足		感じなかった		10	バスが充実していたので、車がなくても不便なく十分に楽しめました。比較的早く閉店するお店が多い印象です。	また行きたい（1年以内）	どのお店や施設の方が親切で穏やかに応対して下さり、全てにおいて好印象です。また旅行で来たいです。	女	1973	群馬県	太田市	600万円以上 700万円未満	石川県のおすすめ観光スポットが見たい	とても満足	10	東京駅から2時半から3時間で気軽に来れる
金沢エリア	チサンバジェット金沢駅前	2025/08/21	同意する	2泊	2泊	金沢エリア  （湯涌温泉、深谷温泉、犀川温泉など）	石川県外には泊まらない	自分ひとり	地元の美味しいものを食べる, 名所、旧跡の観光, 買い物、アウトレット	新幹線, 在来線	徒歩			5,000円以上 10,000円未満	20,000円以上 30,000円未満	10,000円以上 20,000円未満	2～5回目	観光展・物産展, X(旧：Twitter), 友人・知人	ひがし茶屋街		近江町市場		使わない	どちらでもない		満足		感じた	電子レンジが1階にしかない	5		機会があれば行きたい	特に無し	男	2001	広島県	東広島市	200万円以上 300万円未満	なんとなく	満足	7	
金沢エリア	石川県立歴史博物館	2025/08/21	同意する	2泊	2泊	石川県内には宿泊しない	富山県	夫婦2人	地元の美味しいものを食べる, 名所、旧跡の観光, 買い物、アウトレット, まちあるき、都市散策	自家用車	自家用車			5,000円以上 10,000円未満	3,000円以上 5,000円未満	20,000円以上 30,000円未満	6～10回目	新聞・雑誌・ガイドブック, インターネット・アプリ	近江町市場		選択なし/該当施設なし		1,000円未満	満足	静かである	満足	建物の雰囲気、落ち着いた内部	感じなかった		7		機会があれば行きたい	現在で十分満足している	男	1958	愛知県	春日井市	200万円以上 300万円未満	景品が当たる	満足	9	千里浜なぎさドライブウェイ
金沢エリア	石川県観光物産館	2025/08/21	同意する	3泊	2泊	金沢エリア  （湯涌温泉、深谷温泉、犀川温泉など）	滋賀県	小学生以下連れの家族	地元の美味しいものを食べる, まちあるき、都市散策, 各種体験（手作り、果物狩りなど）	自家用車	自家用車			10,000円以上 20,000円未満	1,000円以上 3,000円未満	10,000円以上 20,000円未満	初めて	インターネット・アプリ	金沢21世紀美術館		ひがし茶屋街		3,000円以上 5,000円未満	とても満足	和菓子作りと加賀八幡起き上り手描き体験がとても楽しかった。	満足	スタッフの対応が良かったです。	感じなかった		10	和菓子づくりが楽しかったですが、小学生の子供には解説のペースが早かったようです。	機会があれば行きたい	美味しい食事	男	1979	広島県	広島市	1,000万円以上 1,200万円未満	なんとなく	とても満足	10	食事が美味しい！
金沢エリア	ダイワロイネットホテル金沢MIYABI	2025/08/22	同意する	1泊	1泊	金沢エリア  （湯涌温泉、深谷温泉、犀川温泉など）	石川県外には泊まらない	小学生以下連れの家族	温泉や露天風呂, 名所、旧跡の観光	自家用車	自家用車			20,000円以上 30,000円未満	5,000円以上 10,000円未満	5,000円以上 10,000円未満	初めて	Instagram	尾山神社	金沢城公園	選択なし/該当施設なし	長町武家屋敷	1,000円以上 3,000円未満	とても満足		とても満足		感じなかった		8	髪の毛のローションがとてもサラサラになって良かったです。ホテルで購入できないのが残念でした。	また行きたい（1年以内）	特になし	女	1984	愛知県	名古屋市	300万円以上 400万円未満	景品が当たる	とても満足	9	金沢城公園
金沢エリア	金沢駅	2025/08/22	同意する	1泊	1泊	金沢エリア  （湯涌温泉、深谷温泉、犀川温泉など）	石川県外には泊まらない	自分ひとり	出張など仕事関係	新幹線, 在来線	レンタカー	どちらでもない	預かってくれない	3,000円以上 5,000円未満	10,000円以上 20,000円未満	1,000円以上 3,000円未満	6～10回目	インターネット・アプリ	近江町市場		選択なし/該当施設なし		1,000円以上 3,000円未満	どちらでもない	高い	どちらでもない	駅から遠い	感じた	駅から遠い	6	もっと早く、遅くまで営業を	また行きたい（1年以内）	JA野菜をもっと他県のように安く	男	1965	大阪府	箕面市	600万円以上 700万円未満	景品が当たる, 石川県の雑学を知りたい	どちらでもない	7	オシャレ
金沢エリア	金沢駅	2025/08/22	同意する	2泊	2泊	金沢エリア  （湯涌温泉、深谷温泉、犀川温泉など）	石川県外には泊まらない	団体旅行	名所、旧跡の観光, 出張など仕事関係	新幹線	タクシー, 徒歩	とても満足	タクシーの運転手さんが非常に丁寧に様々な場所を案内くださいました	20,000円以上 30,000円未満	20,000円以上 30,000円未満	20,000円以上 30,000円未満	初めて	観光パンフレット・ポスター, インターネット・アプリ	金沢21世紀美術館		兼六園		5,000円以上 10,000円未満	とても満足	40声のモテットが本当によかったです	とても満足	とても素敵な場所でした。	感じなかった		10	散策	機会があれば行きたい	美味しい地酒と魚	女	1982	京都府	宇治市	1,000万円以上 1,200万円未満	景品が当たる, 石川県のおすすめ観光スポットが見たい, なんとなく	とても満足	10	食べ物も美味しく人もよく、ぜひまた期待です！
金沢エリア	金沢蓄音器館	2025/08/22	同意する	3泊	2泊	金沢エリア  （湯涌温泉、深谷温泉、犀川温泉など）	富山県	夫婦2人	地元の美味しいものを食べる	高速バス	路線バス	不満	全国交通系ICカードが使えない	5,000円以上 10,000円未満	5,000円以上 10,000円未満	1,000円以上 3,000円未満	2～5回目	観光展・物産展, インターネット・アプリ	ひがし茶屋街		近江町市場		1,000円以上 3,000円未満	満足	特になし	満足	特になし	感じなかった		8	特になし	どちらともいえない	特になし	男	1966	三重県	四日市市	500万円以上 600万円未満	景品が当たる	どちらでもない	6	特になし
金沢エリア	金沢蓄音器館	2025/08/22	同意する	3泊	2泊	金沢エリア  （湯涌温泉、深谷温泉、犀川温泉など）	富山県	夫婦2人	名所、旧跡の観光	高速バス	路線バス, 徒歩	満足	便利でした	10,000円以上 20,000円未満	5,000円以上 10,000円未満	10,000円以上 20,000円未満	2～5回目	インターネット・アプリ	ひがし茶屋街		尾山神社		1,000円以上 3,000円未満	満足	ゆったり過ごせた	満足	涼しかった	感じなかった		9		機会があれば行きたい	施設巡りが楽しかった	女	1967	三重県	四日市市	800万円以上 900万円未満	景品が当たる	満足	9	施設が多い
金沢エリア	金沢駅	2025/08/22	同意する	1泊	1泊	金沢エリア  （湯涌温泉、深谷温泉、犀川温泉など）	岐阜県	学校関係（修学旅行・社会科見学等）	地元の美味しいものを食べる	新幹線, 在来線	タクシー, 在来線	どちらでもない	タクシーの運転が悪い	10,000円以上 20,000円未満	10,000円以上 20,000円未満	5,000円以上 10,000円未満	初めて	観光展・物産展, 新聞・雑誌・ガイドブック, TV・ラジオ番組やCM	金沢21世紀美術館		近江町市場		3,000円以上 5,000円未満	満足	お店が豊富	とても満足		感じなかった		10		機会があれば行きたい	特になし	男	1988	岐阜県	瑞浪市	400万円以上 500万円未満	景品が当たる	どちらでもない	5	
金沢エリア	ひがし茶屋休憩館	2025/08/23	同意する	1泊	1泊	加賀エリア （山代温泉、山中温泉、片山津温泉、粟津温泉、辰口温泉、加賀市、小松市など）	石川県外には泊まらない	中学生以上連れの家族	温泉や露天風呂, 地元の美味しいものを食べる, 名所、旧跡の観光, まちあるき、都市散策	自家用車	自家用車			10,000円以上 20,000円未満	1,000円以上 3,000円未満	10,000円以上 20,000円未満	初めて	インターネット・アプリ	ひがし茶屋街		兼六園		1,000円以上 3,000円未満	満足	見応えがあったから	とても満足	とても良かったから	感じなかった		8		機会があれば行きたい	特になし	女	1969	大阪府	堺市	700万円以上 800万円未満	動く３Dひゃくまんさんを見たい, なんとなく	とても満足	8	どこへ行っても素敵だったから
金沢エリア	北陸鉄道　金沢駅	2025/08/23	同意する	日帰り	石川県内には宿泊しない	石川県内には宿泊しない	京都	自分ひとり	名所、旧跡の観光	新幹線	タクシー	満足	すぐ乗れる	3,000円以上 5,000円未満	5,000円以上 10,000円未満	3,000円以上 5,000円未満	2～5回目	新聞・雑誌・ガイドブック, X(旧：Twitter)	金沢21世紀美術館		選択なし/該当施設なし	時間都合	10,000円以上 20,000円未満	満足	きれい	満足	きれい	感じた	暑い	9		機会があれば行きたい	特になし	男	1968	京都府	京都市	1,200万円以上 1,500万円未満	景品が当たる	満足	9	金沢城
金沢エリア	金沢駅	2025/08/23	同意する	1泊	1泊	金沢エリア  （湯涌温泉、深谷温泉、犀川温泉など）	石川県外には泊まらない	親	宿でのんびり過ごす, 花見や紅葉などの自然鑑賞	飛行機	路線バス, 徒歩	不満	路線バスが混雑で遅延するのが常態化している	5,000円以上 10,000円未満	1,000円以上 3,000円未満	5,000円以上 10,000円未満	6～10回目	Googleマップ	金沢21世紀美術館		近江町市場		3,000円以上 5,000円未満	満足	美術館はいつも楽しい	どちらでもない	入場が混雑している	感じなかった		7		機会があれば行きたい	特になし	男	1979	東京都	台東区	500万円以上 600万円未満	景品が当たる, ひゃくまんさんが好き	満足	7	
金沢エリア	金沢中央観光案内所	2025/08/23	同意する	2泊	2泊	金沢エリア  （湯涌温泉、深谷温泉、犀川温泉など）	石川県外には泊まらない	夫婦2人	地元の美味しいものを食べる, 名所、旧跡の観光, まちあるき、都市散策	新幹線	路線バス, 徒歩			10,000円以上 20,000円未満	30,000円以上 40,000円未満	10,000円以上 20,000円未満	初めて	インターネット・アプリ, Instagram, ブログ	選択なし/該当施設なし	武家屋敷通り	尾山神社		使わない	満足	とても暑かったので涼めて良かった	どちらでもない	座って休憩しただけだったから	感じなかった		7		機会があれば行きたい	バスが分かりづらく困った！乗る時のタッチについてもどれで払うのかこまった	女	1969	神奈川県	横浜市	800万円以上 900万円未満	休憩させてもらったから	どちらでもない	7	兼六園・金沢城公園 散策して良かった！が、暑い時は厳しいです
金沢エリア	屋内木育施設 もりのひみつきち	2025/08/23	同意する	2泊	2泊	能登エリア （和倉温泉、七尾市、輪島市、珠洲市など）	石川県外には泊まらない	小学生以下連れの家族	温泉や露天風呂, テーマパーク（遊園地、動物園、博物館など）	自家用車	自家用車			20,000円以上 30,000円未満	3,000円以上 5,000円未満	3,000円以上 5,000円未満	初めて	インターネット・アプリ	選択なし/該当施設なし	福井→能登方面に宿泊した。	選択なし/該当施設なし	もう帰るから	1,000円以上 3,000円未満	満足	安心して遊べる人数だから。	満足	子どもが楽しんでいるから。	感じなかった		8	利用していないのでわからない	機会があれば行きたい	海鮮がおいしいですが、もう少し安いところが多いと嬉しいです。	女	1973	大阪府	大阪狭山市	600万円以上 700万円未満	なんとなく	満足	10	食べ物が美味しくて、環境がいい。
金沢エリア	金沢城公園	2025/08/23	同意する	1泊	1泊	金沢エリア  （湯涌温泉、深谷温泉、犀川温泉など）	石川県外には泊まらない	小学生以下連れの家族	宿でのんびり過ごす, 地元の美味しいものを食べる, 花見や紅葉などの自然鑑賞, 名所、旧跡の観光, 買い物、アウトレット, まちあるき、都市散策, 各種体験（手作り、果物狩りなど）	自家用車	徒歩			10,000円以上 20,000円未満	10,000円以上 20,000円未満	50,000円以上 100,000円未満	初めて	新聞・雑誌・ガイドブック, インターネット・アプリ, X(旧：Twitter), Instagram	尾山神社		選択なし/該当施設なし	自遊花人水引ミュージアム	1,000円未満	とても満足	玉泉庵の上生菓子が美味しかった。猛暑での訪問だったため、休憩所がとても快適で良かった。	満足	コンパクトにまとまっていて周りやすくて良かった。平日だったためライトアップが見られなかったことだけ残念。	感じなかった		5	特になし	機会があれば行きたい	特になし	女	2009	静岡県	静岡市	700万円以上 800万円未満	景品が当たる	満足	9	今回宿泊した一棟貸しの宿が徒歩で兼六園、近江町市場、尾山神社、玉泉院丸庭園などに行けて観光名所に周りやすかったため薦めたい。
金沢エリア	石川県立歴史博物館	2025/08/23	同意する	日帰り	石川県内には宿泊しない	石川県内には宿泊しない	宿泊はしません	自分ひとり	名所、旧跡の観光, お祭りやイベントへの参加・見物	新幹線, 在来線	路線バス, 徒歩	満足	運転士さんのアナウンスがおもしろかったため	使わない	10,000円以上 20,000円未満	10,000円以上 20,000円未満	初めて	新聞・雑誌・ガイドブック, X(旧：Twitter)	金沢21世紀美術館		兼六園		1,000円未満	とても満足		とても満足	特別展が大変良かったです。	感じなかった		10		機会があれば行きたい	被災地域の支援とつながるものがあればいいなと思います	女	1980	兵庫県	伊丹市	600万円以上 700万円未満	なんとなく	とても満足	10	のんびりと旧跡を回れたので。
金沢エリア	兼六駐車場	2025/08/23	同意する	1泊	1泊	金沢エリア  （湯涌温泉、深谷温泉、犀川温泉など）	富山県	友人	宿でのんびり過ごす, 温泉や露天風呂, 地元の美味しいものを食べる, 花見や紅葉などの自然鑑賞, 買い物、アウトレット, ドライブ・ツーリング	レンタカー	レンタカー	とても満足	施設がキレイで治安が良き	30,000円以上 40,000円未満	10,000円以上 20,000円未満	30,000円以上 40,000円未満	初めて	観光展・物産展	兼六園		金沢21世紀美術館		3,000円以上 5,000円未満	とても満足	お土産がそばにあって駐車場も近い	とても満足	トイレの設備が整ってる	感じなかった		10	試食コーナーや、マグネットやTシャツや特産物などさまざまで良かった	また行きたい（1年以内）	インスタ映え	女	1993	京都府	京都市	100万円以上 200万円未満	景品が当たる	とても満足	10	京都から近い
金沢エリア	石川県観光物産館	2025/08/23	同意する	日帰り	石川県内には宿泊しない	石川県内には宿泊しない	福井から観光	小学生以下連れの家族	名所、旧跡の観光, ドライブ・ツーリング	自家用車	自家用車			使わない	1,000円以上 3,000円未満	3,000円以上 5,000円未満	初めて	観光展・物産展, TV・ラジオ番組やCM, 友人・知人	ひがし茶屋街		兼六園		1,000円以上 3,000円未満	とても満足	雰囲気がよい	満足	清潔感がある	感じなかった		8		また行きたい（1年以内）	特になし	男	1979	福井県	福井市	600万円以上 700万円未満	景品が当たる	満足	8	街の景色
金沢エリア	尾山神社	2025/08/23	同意する	2泊	2泊	金沢エリア  （湯涌温泉、深谷温泉、犀川温泉など）	石川県外には泊まらない	中学生以上連れの家族	友人・親戚を訪ねる	自家用車	自家用車			使わない	1,000円以上 3,000円未満	30,000円以上 40,000円未満	初めて	インターネット・アプリ	尾山神社		近江町市場		10,000円以上 20,000円未満	満足	とても有意義な時間が過ごせました。御朱印やお守りも良かったです。	満足	駐車場もあり、ゆっくり回ることができました	感じなかった		9	とてもよかったです	また行きたい（1年以内）	石川らしさ	女	1979	長野県	下伊那郡高森町	900万円以上 1,000万円未満	景品が当たる, 石川県のおすすめ観光スポットが見たい	満足	9	見る物が沢山あるし、お土産も石川ならではのものが沢山ある、また、どれもよくできている
金沢エリア	金沢駅	2025/08/24	同意する	2泊	1泊	金沢エリア  （湯涌温泉、深谷温泉、犀川温泉など）	富山県	夫婦2人	地元の美味しいものを食べる, 名所、旧跡の観光, 買い物、アウトレット, まちあるき、都市散策	新幹線	新幹線	とても満足	観光地近くに止まる	10,000円以上 20,000円未満	20,000円以上 30,000円未満	5,000円以上 10,000円未満	初めて	観光展・物産展, 新聞・雑誌・ガイドブック, TV・ラジオ番組やCM, インターネット・アプリ	近江町市場		ひがし茶屋街		1,000円以上 3,000円未満	満足	とても満足　ただ価格が高い	とても満足	非日常を味わえた	感じなかった		10	ご当地ものお土産の種類が豊富だと思った	また行きたい（1年以内）	伝統　"和"のものを感じに訪れたい	女	1974	岡山県	岡山市	400万円以上 500万円未満	景品が当たる, 石川県のおすすめ観光スポットが見たい, 石川県の雑学を知りたい	とても満足	10	近江町市場　新鮮で何もかも美味しかった　雰囲気も良かった
金沢エリア	金沢駅	2025/08/24	同意する	1泊	1泊	金沢エリア  （湯涌温泉、深谷温泉、犀川温泉など）	石川県外には泊まらない	中学生以上連れの家族	地元の美味しいものを食べる, 名所、旧跡の観光, テーマパーク（遊園地、動物園、博物館など）, まちあるき、都市散策	新幹線, 在来線	新幹線	とても満足	新幹線は早くて快適	10,000円以上 20,000円未満	10,000円以上 20,000円未満	10,000円以上 20,000円未満	初めて	インターネット・アプリ, Instagram	選択なし/該当施設なし		金沢21世紀美術館		3,000円以上 5,000円未満	満足	お土産が豊富　涼しい	満足	涼しい	感じた	場所によって暑い	9		機会があれば行きたい	観光モデルコースをもっと紹介してほしい	女	1978	長野県	松本市	700万円以上 800万円未満	景品が当たる	満足	9	名所がコンパクトにまとまっていて移動しやすい
金沢エリア	近江町市場商店街	2025/08/24	同意する	1泊	1泊	金沢エリア  （湯涌温泉、深谷温泉、犀川温泉など）	石川県外には泊まらない	団体旅行	宿でのんびり過ごす, 地元の美味しいものを食べる, 名所、旧跡の観光, お祭りやイベントへの参加・見物, スポーツ観戦や芸術鑑賞（コンサート等）, 出張など仕事関係	新幹線	路線バス, 徒歩	とても満足	街並みが綺麗で、お魚も美味しくてとても満足です！！	30,000円以上 40,000円未満	30,000円以上 40,000円未満	40,000円以上 50,000円未満	初めて	X(旧：Twitter), ブログ, 友人・知人, 推しのブログで紹介されてました！	近江町市場	にし茶屋	金沢21世紀美術館		40,000円以上 50,000円未満	とても満足	 とにかく良かった！！	とても満足	素晴らしい！また来たい！！	感じた	たくさんの人の行き来でどこを歩いているのか迷子になりかけた	10	ご当地ポテチが豊富で良かった！	また行きたい（1年以内）	言うことなし！！	女	1985	神奈川県	横浜市	100万円以上 200万円未満	景品が当たる, ひゃくまんさんが好き, ARでひゃくまんさんと写真が撮りたかった, 動く３Dひゃくまんさんを見たい, 石川県のおすすめ観光スポットが見たい, 石川県の雑学を知りたい, なんとなく	とても満足	10	とにかく食べ物が美味しい！！
金沢エリア	石川県観光物産館	2025/08/24	同意する	2泊	石川県内には宿泊しない	石川県内には宿泊しない	富山県	職場の同僚	花見や紅葉などの自然鑑賞	新幹線, 在来線	路線バス	満足	バスの発着本数がある	使わない	20,000円以上 30,000円未満	5,000円以上 10,000円未満	2～5回目	新聞・雑誌・ガイドブック, 観光パンフレット・ポスター	近江町市場		ひがし茶屋街		1,000円以上 3,000円未満	満足	予約なしで体験ができる	とても満足	立地場所がいいし、わかりやすい建物だから	感じなかった		8	体験の種類がたくさんあるといいな。	機会があれば行きたい	金沢はそれなりに公共機関で動くことができるのでいいですが、他は厳しく思っています。	女	1972	岐阜県	郡上市	300万円以上 400万円未満	景品が当たる	満足	8	美味しい物がたくさんあるし、和の文化が色濃くあるのが好きです。
金沢エリア	石川県立歴史博物館	2025/08/24	同意する	2泊	1泊	金沢エリア  （湯涌温泉、深谷温泉、犀川温泉など）	富山県	自分ひとり	地元の美味しいものを食べる, 名所、旧跡の観光, まちあるき、都市散策	在来線, 高速バス	路線バス	どちらでもない	特に問題なく利用できた	5,000円以上 10,000円未満	3,000円以上 5,000円未満	10,000円以上 20,000円未満	初めて	観光パンフレット・ポスター, 観光協会等の案内所	兼六園		ひがし茶屋街		1,000円未満	満足	見るものが充実していた	満足	見るものが充実していた	感じなかった		8		機会があれば行きたい	おいしいお土産	男	1988	京都府	長岡京市	500万円以上 600万円未満	景品が当たる, 石川県のおすすめ観光スポットが見たい, 石川県の雑学を知りたい, なんとなく	満足	8	金沢城などの史跡が素晴らしかった
金沢エリア	金沢市老舗記念館	2025/08/24	同意する	3泊	3泊	金沢エリア  （湯涌温泉、深谷温泉、犀川温泉など）	石川県外には泊まらない	恋人	名所、旧跡の観光, まちあるき、都市散策, 各種体験（手作り、果物狩りなど）	新幹線	路線バス	満足	支払方法が色々あって困ることがあった	20,000円以上 30,000円未満	30,000円以上 40,000円未満	20,000円以上 30,000円未満	初めて	観光パンフレット・ポスター, 観光協会等の案内所	兼六園		選択なし/該当施設なし		1,000円未満	とても満足	受付の方にとても良くしていただきました	とても満足	江戸時代の人々の生活に想いを馳せることができたから	感じなかった		9		また行きたい（1年以内）	食事の美味しさ、みなさんの丁寧なおもてなし、お土産や郷土文化保全への工夫などとても勉強になりました！	女	1987	群馬県	前橋市	200万円以上 300万円未満	景品が当たる	とても満足	10	
金沢エリア	金沢中央観光案内所	2025/08/24	同意する	2泊	2泊	金沢エリア  （湯涌温泉、深谷温泉、犀川温泉など）	石川県外には泊まらない	自分ひとり	スポーツ観戦や芸術鑑賞（コンサート等）	新幹線	徒歩			10,000円以上 20,000円未満	30,000円以上 40,000円未満	20,000円以上 30,000円未満	初めて	インターネット・アプリ	選択なし/該当施設なし	片町	選択なし/該当施設なし	市民会館	使わない	どちらでもない	パンフレットがたくさんあってよかったです	満足	休憩スペースがあってよかったです	感じなかった		7		機会があれば行きたい	アカペラコンサートが街中で行われていて、楽しかった。	女	1970	静岡県	静岡市	900万円以上 1,000万円未満	景品が当たる	満足	8	夜の片町の雰囲気が楽しかった
金沢エリア	金沢駅	2025/08/24	同意する	1泊	1泊	金沢エリア  （湯涌温泉、深谷温泉、犀川温泉など）	石川県外には泊まらない	夫婦2人	お祭りやイベントへの参加・見物	新幹線, 在来線	徒歩	満足	近くで便利でした	5,000円以上 10,000円未満	5,000円以上 10,000円未満	20,000円以上 30,000円未満	初めて	観光パンフレット・ポスター, インターネット・アプリ	金沢21世紀美術館		尾山神社		5,000円以上 10,000円未満	満足	とても良い商品でした	満足	綺麗で人も優しい	感じなかった		2		また行きたい（1年以内）	特に無し	女	1963	京都府	宇治	900万円以上 1,000万円未満	景品が当たる, ひゃくまんさんが好き	とても満足	8	兼六園
金沢エリア	尾山神社	2025/08/25	同意する	2泊	2泊	金沢エリア  （湯涌温泉、深谷温泉、犀川温泉など）	石川県外には泊まらない	自分ひとり	宿でのんびり過ごす, 名所、旧跡の観光	飛行機	路線バス	満足	たくさん運行している	50,000円以上 100,000円未満	5,000円以上 10,000円未満	5,000円以上 10,000円未満	6～10回目	インターネット・アプリ	選択なし/該当施設なし		ひがし茶屋街		1,000円未満	とても満足		とても満足		感じなかった		8		また行きたい（1年以内）	のんびり過ごす	女	1974	東京都	板橋区	700万円以上 800万円未満	景品が当たる, 	満足	9	綺麗
金沢エリア	石川県立歴史博物館	2025/08/25	同意する	日帰り	石川県内には宿泊しない	石川県内には宿泊しない	石川県外には泊まらない	自分ひとり	テーマパーク（遊園地、動物園、博物館など）	新幹線, 在来線	路線バス	満足		使わない	20,000円以上 30,000円未満	10,000円以上 20,000円未満	6～10回目	観光パンフレット・ポスター, インターネット・アプリ	選択なし/該当施設なし		選択なし/該当施設なし		使わない	とても満足		とても満足		感じた	近くに食事をするところがない。	8		また行きたい（1年以内）	特になし	男	1979	兵庫県	神戸市	400万円以上 500万円未満	景品が当たる	満足	7	
金沢エリア	金沢中央観光案内所	2025/08/25	同意する	1泊	1泊	金沢エリア  （湯涌温泉、深谷温泉、犀川温泉など）	石川県外には泊まらない	恋人	地元の美味しいものを食べる, 花見や紅葉などの自然鑑賞, 名所、旧跡の観光, まちあるき、都市散策	新幹線, 在来線	路線バス, 徒歩	満足	間隔がそこまで空いていないため、観光名所をゆっくり見ながらまわることができたからです。	10,000円以上 20,000円未満	10,000円以上 20,000円未満	10,000円以上 20,000円未満	初めて	観光展・物産展, Instagram, 友人・知人	尾山神社		兼六園		使わない	とても満足	多くの資料、ビデオで学びを深めることができたからです。	とても満足	一瞬で、加賀，金沢をはじめとする石川の魅力が伝わりました。スタッフの方に尋ねた際も丁寧に応えてくださり、街の良さも人の温かさも感じることができたからです！	感じなかった		10	入り口すぐの照明が家紋のように見えました。こだわりが詰まっていて魅力的でした	また行きたい（1年以内）	伝統工芸が数多く存在する魅力的な街だと思っています。そのため、すでに多くあるとは思いますが、伝統工芸に関するものを見学・体験できるものがより増えると尚良いと感じました。	女	2004	埼玉県	越谷市	800万円以上 900万円未満	景品が当たる, 石川県のおすすめ観光スポットが見たい, 石川県の雑学を知りたい	満足	10	兼六園、三大庭園と言われることに納得の魅力でした。
金沢エリア	石川県立歴史博物館	2025/08/25	同意する	1泊	1泊	金沢エリア  （湯涌温泉、深谷温泉、犀川温泉など）	石川県外には泊まらない	小学生以下連れの家族	地元の美味しいものを食べる, 名所、旧跡の観光, テーマパーク（遊園地、動物園、博物館など）	新幹線	路線バス	満足	1日乗車券のコスパの良さ	30,000円以上 40,000円未満	30,000円以上 40,000円未満	20,000円以上 30,000円未満	初めて	友人・知人	兼六園		近江町市場		1,000円以上 3,000円未満	とても満足	展示物の多さ、趣向を凝らした演出	とても満足	歴史ある建造物のため	感じなかった		10	休憩施設が綺麗で良かった。	また行きたい（1年以内）	サッカー観戦(ツェ−ゲンが早くJ1に上がって欲しい)	男	1978	東京都	中央区	1,500万円以上	景品が当たる	とても満足	10	近江市場て扱っている食品の美味しさと市場の清潔さ。
金沢エリア	石川県観光物産館	2025/08/25	同意する	1泊	1泊	金沢エリア  （湯涌温泉、深谷温泉、犀川温泉など）	石川県外には泊まらない	恋人	宿でのんびり過ごす, 温泉や露天風呂, 地元の美味しいものを食べる, 名所、旧跡の観光	新幹線, 在来線	在来線	満足	温泉地までが遠い	20,000円以上 30,000円未満	10,000円以上 20,000円未満	10,000円以上 20,000円未満	初めて	観光展・物産展, 友人・知人	兼六園		金沢21世紀美術館		1,000円以上 3,000円未満	満足		満足		感じた	ロッカーが無い	7		機会があれば行きたい	海鮮が美味しい	女	1984	兵庫県	加古川市	200万円以上 300万円未満	景品が当たる	満足	7	
金沢エリア	金沢港クルーズターミナル	2025/08/25	同意する	日帰り	石川県内には宿泊しない	石川県内には宿泊しない	石川県外には泊まらない	中学生以上連れの家族	名所、旧跡の観光, 子どものスクーリング（通信制高校）が金沢市であった。待ち時間に文化を知る	自家用車	自家用車, 在来線			使わない	3,000円以上 5,000円未満	1,000円以上 3,000円未満	初めて	観光パンフレット・ポスター, ネットの地図、看板	選択なし/該当施設なし	いきいき魚市場、加賀友禅会館	選択なし/該当施設なし		使わない	満足	涼しく、人が少なく良かったが、アイスがあればなおうれしかった。	とても満足	建物が、大きな船のようで、展望デッキが気持ちよかった	感じなかった		7	レストランが休みだった	また行きたい（1年以内）	涼しくて、人が少なくて、歩けて、空気がきれいなところに行きたい。	女	1978	富山県	富山市	600万円以上 700万円未満	景品が当たる	どちらでもない	6	道路の百日紅が背が低くてかわいらしかった
金沢エリア	石川県立歴史博物館	2025/08/25	同意する	1泊	1泊	金沢エリア  （湯涌温泉、深谷温泉、犀川温泉など）	石川県外には泊まらない	自分ひとり	地元の美味しいものを食べる, 名所、旧跡の観光, スポーツ観戦や芸術鑑賞（コンサート等）, まちあるき、都市散策	高速バス	路線バス, 徒歩	満足	一日乗車券で使いやすい	3,000円以上 5,000円未満	20,000円以上 30,000円未満	10,000円以上 20,000円未満	初めて	観光パンフレット・ポスター	ひがし茶屋街		金沢21世紀美術館		1,000円未満	とても満足	能登の祭りについてのシアター展示にすごく感動しました。全体的に石川県の文化について深く知れてとてもよかったです．	とても満足		感じなかった		8		機会があれば行きたい	特になし	女	2005	神奈川県	相模原市	400万円以上 500万円未満	景品が当たる, なんとなく	満足	10	食べ物が珍しい物がおおくて、家族とまたきたい
金沢エリア	妙立寺	2025/08/26	同意する	3泊	3泊	金沢エリア  （湯涌温泉、深谷温泉、犀川温泉など）	石川県外には泊まらない	中学生以上連れの家族	地元の美味しいものを食べる, 名所、旧跡の観光, まちあるき、都市散策	新幹線	新幹線、なぜ新幹線が選択できないのか？	満足	東京から乗り換え無しで2時間強で来れる。	5,000円以上 10,000円未満	5,000円以上 10,000円未満	40,000円以上 50,000円未満	2～5回目	観光連盟やDMOのHP, インターネット・アプリ	ひがし茶屋街	近江町市場、主計町茶屋街、金沢城、白川郷	金沢21世紀美術館		3,000円以上 5,000円未満	満足	案内説明が良かった。	満足	凝った作りだった。	感じなかった		9		機会があれば行きたい	バスの行き先の選択が難しい。パスモが使えないのは不便。	男	1969	千葉県	船橋市	800万円以上 900万円未満	景品が当たる	満足	9	
金沢エリア	兼六駐車場	2025/08/26	同意する	2泊	2泊	金沢エリア  （湯涌温泉、深谷温泉、犀川温泉など）	石川県外には泊まらない	小学生以下連れの家族	宿でのんびり過ごす, 地元の美味しいものを食べる, まちあるき、都市散策	レンタカー, 飛行機	レンタカー	満足	長時間の移動にならないので，子連れでも楽なほうだった！	50,000円以上 100,000円未満	20,000円以上 30,000円未満	20,000円以上 30,000円未満	初めて	インターネット・アプリ	兼六園		金沢21世紀美術館		1,000円以上 3,000円未満	とても満足	見応えあった！	満足	日影があれば大満足だった！	感じた	日影が少ない	8	お土産やさんをもう少し子ども向けのもの充実させて	機会があれば行きたい	B級グルメをもっと推して欲しい	女	1986	北海道	札幌市	600万円以上 700万円未満	景品が当たる, ひゃくまんさんが好き	とても満足	8	北海道からは少し移動しにくいかもだけど，富山空港使うと行きやすいので，勧められる！
金沢エリア	石川県観光物産館	2025/08/26	同意する	2泊	2泊	金沢エリア  （湯涌温泉、深谷温泉、犀川温泉など）	石川県外には泊まらない	親	地元の美味しいものを食べる, 名所、旧跡の観光, テーマパーク（遊園地、動物園、博物館など）, まちあるき、都市散策	自家用車	自家用車			3,000円以上 5,000円未満	10,000円以上 20,000円未満	10,000円以上 20,000円未満	初めて	観光パンフレット・ポスター, インターネット・アプリ	兼六園		尾山神社		1,000円以上 3,000円未満	満足	商品もそろっていて、店員も親切だった	満足	全体的に楽しめた	感じなかった		10		また行きたい（1年以内）	特になし	男	2010	埼玉県	春日部市	500万円以上 600万円未満	景品が当たる, ひゃくまんさんが好き	とても満足	10	観光スポットや、おいしいものがいっぱいあった
金沢エリア	金沢中央観光案内所	2025/08/26	同意する	2泊	2泊	金沢エリア  （湯涌温泉、深谷温泉、犀川温泉など）	石川県外には泊まらない	親	地元の美味しいものを食べる, 名所、旧跡の観光, テーマパーク（遊園地、動物園、博物館など）, まちあるき、都市散策	自家用車	自家用車, 徒歩			1,000円以上 3,000円未満	20,000円以上 30,000円未満	10,000円以上 20,000円未満	初めて	インターネット・アプリ	尾山神社		選択なし/該当施設なし		使わない	満足	パンフレットがたくさんあってよかった	満足	いい雰囲気だった	感じなかった		7	お土産があるとよかった	また行きたい（1年以内）	特になし	男	2010	埼玉県	春日部市	500万円以上 600万円未満	景品が当たる, ひゃくまんさんが好き, 石川県のおすすめ観光スポットが見たい	とても満足	10	たのしく旅行ができた
金沢エリア	金沢港クルーズターミナル	2025/08/26	同意する	日帰り	石川県内には宿泊しない	能登エリア （和倉温泉、七尾市、輪島市、珠洲市など）	富山県	小学生以下連れの家族	ドライブ・ツーリング	県外から訪れていない（石川県内在住）	自家用車			使わない	使わない	1,000円未満	2～5回目	友人・知人	選択なし/該当施設なし		選択なし/該当施設なし		1,000円未満	満足	綺麗	満足	過ごしやすかった	感じなかった		9		石川県在住	特になし	女	1996	石川県	白山市	500万円以上 600万円未満	景品が当たる	満足	9	
金沢エリア	近江町市場商店街	2025/08/26	同意する	2泊	2泊	金沢エリア  （湯涌温泉、深谷温泉、犀川温泉など）	石川県外には泊まらない	友人	地元の美味しいものを食べる, 名所、旧跡の観光, まちあるき、都市散策	自家用車	自家用車			5,000円以上 10,000円未満	3,000円以上 5,000円未満	10,000円以上 20,000円未満	2～5回目	また来たいと思ったから	ひがし茶屋街		選択なし/該当施設なし	帰宅	使わない	とても満足		とても満足	人が良い	感じた	トイレ	8		機会があれば行きたい	郷土料理	女	1980	東京都	江戸川区	500万円以上 600万円未満	景品が当たる, 石川県のおすすめ観光スポットが見たい	満足	9	ゆっくりできる
金沢エリア	兼六駐車場	2025/08/26	同意する	3泊	1泊	金沢エリア  （湯涌温泉、深谷温泉、犀川温泉など）	富山県	中学生以上連れの家族	名所、旧跡の観光	自家用車	自家用車	とても満足		20,000円以上 30,000円未満	20,000円以上 30,000円未満	20,000円以上 30,000円未満	初めて	観光展・物産展	選択なし/該当施設なし		金沢21世紀美術館		50,000円以上 100,000円未満	とても満足	石垣が良かった	とても満足	石垣やな	感じなかった		10		また行きたい（1年以内）	石垣や	男	1970	兵庫県	西宮市	900万円以上 1,000万円未満	景品が当たる	とても満足	10	石垣やな
金沢エリア	兼六園	2025/08/26	同意する	1泊	1泊	金沢エリア  （湯涌温泉、深谷温泉、犀川温泉など）	石川県外には泊まらない	親	地元の美味しいものを食べる, 名所、旧跡の観光	新幹線, 在来線	路線バス	とても満足	バス停からすぐ近くで、近くにマップの設置もありわかりやすかったから。	20,000円以上 30,000円未満	1,000円以上 3,000円未満	5,000円以上 10,000円未満	初めて	観光連盟やDMOのHP, Instagram, 観光協会等の案内所	ひがし茶屋街		金沢21世紀美術館		1,000円未満	とても満足	マップに散策のルートがのっており、動きやすかったから。	とても満足	暑い日だったけど、緑や風が気持ちよかったから。施設の人が庭園の手入れをしており、とても丁寧にされている印象を受けたから。	感じなかった		8	平日に訪れたからか、人も多すぎることがなくゆっくりと動きやすかった。早朝にも行ってみたいです。	機会があれば行きたい	北陸製菓のビーバーが有名なので、工場見学やオリジナルビーバーが作れるというような、施設やコーナーがあってもおもしろいと思いました！	女	2004	大阪府	大阪市	500万円以上 600万円未満	景品が当たる	とても満足	8	兼六園は名称とだけあって、おすすめをしたいです。他にもひがし茶屋街や近江町市場、21世紀美術館に行きましたが、場所が近くにあるため、一泊二日でなくて日帰りでも充分だと思いました。しかし、一泊二日だったので、海鮮丼やハントンライス、ひがし茶屋街でのカフェなど地元のグルメをたくさん楽しめてとてもよかったです！
金沢エリア	金沢城公園	2025/08/26	同意する	3泊	3泊	金沢エリア  （湯涌温泉、深谷温泉、犀川温泉など）	石川県外には泊まらない	恋人	地元の美味しいものを食べる, 名所、旧跡の観光, まちあるき、都市散策	新幹線	路線バス, 徒歩			5,000円以上 10,000円未満	3,000円以上 5,000円未満	5,000円以上 10,000円未満	2～5回目	友人・知人, 観光協会等の案内所	兼六園		ひがし茶屋街		1,000円以上 3,000円未満	とても満足	珍しい食べ物・飲み物があって、楽しかった。	とても満足	休憩箇所が多く、涼しい。	感じなかった		10		また行きたい（1年以内）	特になし	女	2004	富山県	高岡市	300万円以上 400万円未満	景品が当たる	とても満足	10	兼六園。景色がとても綺麗で写真を撮るのが楽しかった。また近江町市場も見所がたくさんあり、お土産を見たり食べ歩きをしたりと楽しかった。
金沢エリア	石川県立歴史博物館	2025/08/26	同意する	2泊	2泊	金沢エリア  （湯涌温泉、深谷温泉、犀川温泉など）	石川県外には泊まらない	中学生以上連れの家族	地元の美味しいものを食べる, まちあるき、都市散策	新幹線	徒歩			10,000円以上 20,000円未満	1,000円未満	100,000円以上	初めて	新聞・雑誌・ガイドブック, 友人・知人	金沢21世紀美術館		選択なし/該当施設なし	にし茶屋街	1,000円未満	とても満足	涼しくて綺麗	とても満足	無料エリアも綺麗で涼しい	感じなかった		10		機会があれば行きたい	全てのバスでスイカが使えるようにしてほしい	女	1979	東京都	葛飾区	500万円以上 600万円未満	なんとなく	満足	8	食べ物
金沢エリア	石川県立歴史博物館	2025/08/26	同意する	2泊	2泊	金沢エリア  （湯涌温泉、深谷温泉、犀川温泉など）	石川県外には泊まらない	親	地元の美味しいものを食べる, 名所、旧跡の観光, まちあるき、都市散策	新幹線	徒歩			10,000円以上 20,000円未満	30,000円以上 40,000円未満	1,000円未満	初めて	新聞・雑誌・ガイドブック	金沢21世紀美術館		選択なし/該当施設なし		1,000円未満	満足		満足	涼しくて清潔	感じなかった		7		機会があれば行きたい	特になし	女	2007	東京都	葛飾区	500万円以上 600万円未満	なんとなく	とても満足	9	食べ物が美味しいから。
金沢エリア	眠音ホテル	2025/08/26	同意する	4泊以上	3泊	金沢エリア  （湯涌温泉、深谷温泉、犀川温泉など）	岐阜県	小学生以下連れの家族	友人・親戚を訪ねる	自家用車	自家用車			10,000円以上 20,000円未満	1,000円以上 3,000円未満	10,000円以上 20,000円未満	初めて	インターネット・アプリ	選択なし/該当施設なし	恐竜博物館	選択なし/該当施設なし	親戚宅	使わない	とても満足	設備が綺麗	とても満足	設備一式、布団が心地よい	感じなかった		7	特に無し	また行きたい（1年以内）	小学生向けのアクティビティ施設	男	1973	東京都	世田谷区	800万円以上 900万円未満	景品が当たる, ひゃくまんさんが好き, アンケートが参考になれば	とても満足	10	食事
金沢エリア	石川県観光物産館	2025/08/27	同意する	1泊	1泊	金沢エリア  （湯涌温泉、深谷温泉、犀川温泉など）	石川県外には泊まらない	小学生以下連れの家族	地元の美味しいものを食べる, 名所、旧跡の観光	自家用車	自家用車			40,000円以上 50,000円未満	10,000円以上 20,000円未満	50,000円以上 100,000円未満	初めて	TV・ラジオ番組やCM	兼六園		ひがし茶屋街		10,000円以上 20,000円未満	満足	いろんなジャンルのお土産をゆっくり選べた	満足	お菓子作り体験できて思い出をつくれました。	感じなかった		7		機会があれば行きたい	特に無し	女	1987	埼玉県	熊谷市	500万円以上 600万円未満	景品が当たる	満足	8	
金沢エリア	金沢駅	2025/08/27	同意する	2泊	2泊	能登エリア （和倉温泉、七尾市、輪島市、珠洲市など）	石川県外には泊まらない	中学生以上連れの家族	宿でのんびり過ごす, 温泉や露天風呂, 地元の美味しいものを食べる, 名所、旧跡の観光	新幹線, 在来線	在来線	不満	在来線の本数が少ない、また車両数も少ないので増やしてほしいです。	20,000円以上 30,000円未満	3,000円以上 5,000円未満	5,000円以上 10,000円未満	初めて	新聞・雑誌・ガイドブック, インターネット・アプリ	選択なし/該当施設なし	休暇村能登千里浜	選択なし/該当施設なし		5,000円以上 10,000円未満	とても満足	いろいろなお店があり、大満足です。	とても満足	何でもそろっていて、大変助かりました。また、決済方法の種類がたくさんあるのもよかったです。	感じなかった		10	フードコートがあるとうれしいです。	また行きたい（1年以内）	観光スポットを巡るバスがあると大変うれしいです。特に能登方面お願いします。車を運転しないので。	女	1975	愛知県	名古屋市	800万円以上 900万円未満	景品が当たる	満足	9	金沢駅。お土産選びが楽しいから。
金沢エリア	金沢駅	2025/08/27	同意する	3泊	3泊	金沢エリア  （湯涌温泉、深谷温泉、犀川温泉など）	石川県外には泊まらない	親	温泉や露天風呂, 地元の美味しいものを食べる	新幹線	徒歩			20,000円以上 30,000円未満	5,000円以上 10,000円未満	20,000円以上 30,000円未満	初めて	新聞・雑誌・ガイドブック	ひがし茶屋街		兼六園		3,000円以上 5,000円未満	とても満足	お土産の種類が豊富だった。	満足	清潔感があった。	感じなかった		9	種類が豊富だった、	また行きたい（1年以内）	種類が豊富でしかも美味しかった。	男	2010	東京都	練馬区	1,500万円以上	景品が当たる	とても満足	9	ご飯の美味しさ。
金沢エリア	トリフィートホテル&ポッド金沢百万石通	2025/08/27	同意する	2泊	2泊	金沢エリア  （湯涌温泉、深谷温泉、犀川温泉など）	石川県外には泊まらない	自分ひとり	地元の美味しいものを食べる, 買い物、アウトレット, まちあるき、都市散策	新幹線, 在来線	徒歩			3,000円以上 5,000円未満	30,000円以上 40,000円未満	40,000円以上 50,000円未満	2～5回目	インターネット・アプリ, Instagram	ひがし茶屋街		兼六園		1,000円以上 3,000円未満	満足	歴史ある場所で楽しみにしていた	とても満足	世界中から人が訪れる素晴らしい場所だから	感じなかった		10	金沢ならではのものがとても良かった	また行きたい（1年以内）	食べ物やお土産が充実している。お値段以上だと感じるものが多い。	女	1972	東京都	杉並区	1,200万円以上 1,500万円未満	景品が当たる, ひゃくまんさんが好き	とても満足	10	食べ物が美味しい。安全。美しい街並み。
金沢エリア	兼六駐車場	2025/08/28	同意する	3泊	3泊	金沢エリア  （湯涌温泉、深谷温泉、犀川温泉など）	石川県外には泊まらない	中学生以上連れの家族	地元の美味しいものを食べる, 名所、旧跡の観光, 買い物、アウトレット, アウトドア（海水浴、釣り、登山など）, まちあるき、都市散策	自家用車	自家用車			5,000円以上 10,000円未満	10,000円以上 20,000円未満	10,000円以上 20,000円未満	2～5回目	観光パンフレット・ポスター, インターネット・アプリ	ひがし茶屋街		選択なし/該当施設なし	海	20,000円以上 30,000円未満	満足	歴史に思いをはせることができる	満足	上記と同じ	感じなかった		8	九谷焼きなど、素晴らしいものがたくさんある。	機会があれば行きたい	海鮮、歴史探訪、金細工、九谷焼	男	1955	群馬県	高崎市	600万円以上 700万円未満	子どもがひゃくまんさんの大ファン	とても満足	8	食べ物、歴史遺構、土産品
金沢エリア	金沢港クルーズターミナル	2025/08/28	同意する	4泊以上	4泊以上	金沢エリア  （湯涌温泉、深谷温泉、犀川温泉など）	石川県外には泊まらない	夫婦と妹	地元の美味しいものを食べる, 名所、旧跡の観光, 各種体験（手作り、果物狩りなど）	新幹線	タクシー	満足	よいタクシー運転手さんでした。道も空いていてすぐ着きました。	100,000円以上	10,000円以上 20,000円未満	10,000円以上 20,000円未満	初めて	新聞・雑誌・ガイドブック, 観光パンフレット・ポスター, インターネット・アプリ	選択なし/該当施設なし	ホテルから直接	選択なし/該当施設なし	ホテルに戻る	1,000円未満	不満	レストランの椅子が汚い	どちらでもない	空いていてよかった	感じなかった		5	展望台で海を見た	あまり行きたいと思わない	和菓子、魚介類	女	1967	東京都	武蔵野市	300万円以上 400万円未満	景品が当たる	どちらでもない	5	
金沢エリア	金沢港クルーズターミナル	2025/08/28	同意する	4泊以上	4泊以上	金沢エリア  （湯涌温泉、深谷温泉、犀川温泉など）	石川県外には泊まらない	きょうだい	地元の美味しいものを食べる, 名所、旧跡の観光, 買い物、アウトレット, まちあるき、都市散策, 各種体験（手作り、果物狩りなど）	新幹線	タクシー	満足	運転手さんに地元の話をうかがいながら来られた。	40,000円以上 50,000円未満	50,000円以上 100,000円未満	20,000円以上 30,000円未満	初めて	観光パンフレット・ポスター, インターネット・アプリ	近江町市場		選択なし/該当施設なし		1,000円未満	どちらでもない		満足	眺めがよかった。カフェからも港が見えた。涼しい。操作体験が楽しかった。	感じなかった		6	カフェの椅子が汚れていて、古めかしい感じがした。	どちらともいえない	お寿司、漆器	女	1972	東京都	武蔵野市	300万円以上 400万円未満	景品が当たる	満足	8	
金沢エリア	金沢駅	2025/08/28	同意する	日帰り	石川県内には宿泊しない	石川県内には宿泊しない	石川県外には泊まらない	自分ひとり	出張など仕事関係	新幹線, 在来線	レンタカー	満足	自由が効くから	使わない	5,000円以上 10,000円未満	10,000円以上 20,000円未満	6～10回目	Instagram, Facebook	選択なし/該当施設なし	日航ホテル	選択なし/該当施設なし	金沢駅	3,000円以上 5,000円未満	満足	昼ごはんが美味しい	満足	魚が美味い	感じなかった		7		機会があれば行きたい	特になし	男	1964	大阪府	大阪市	1,000万円以上 1,200万円未満	景品が当たる	満足	8	駅周辺で観光ができる
金沢エリア	金沢城公園	2025/08/28	同意する	2泊	2泊	金沢エリア  （湯涌温泉、深谷温泉、犀川温泉など）	石川県外には泊まらない	中学生以上連れの家族	地元の美味しいものを食べる, 名所、旧跡の観光, スポーツ観戦や芸術鑑賞（コンサート等）, まちあるき、都市散策, ドライブ・ツーリング	自家用車	徒歩			5,000円以上 10,000円未満	5,000円以上 10,000円未満	10,000円以上 20,000円未満	初めて	インターネット・アプリ	兼六園		近江町市場		1,000円未満	不満	謎解きが面白くなかった	満足	暑かったので休憩所があったのはよかった。	感じなかった	スタンプラリーが遠い	8		機会があれば行きたい	飲食は海鮮がよかった。土産は惹くものがなかった、福井のほうが多かったように感じた	男	1972	徳島県	三好市	600万円以上 700万円未満	なんとなく	満足	8	
金沢エリア	安江金箔工芸館	2025/08/28	同意する	2泊	1泊	金沢エリア  （湯涌温泉、深谷温泉、犀川温泉など）	富山県	友人	地元の美味しいものを食べる, 名所、旧跡の観光, 買い物、アウトレット, まちあるき、都市散策, 各種体験（手作り、果物狩りなど）	夜行バス	タクシー	満足	利便性が良かったから。	5,000円以上 10,000円未満	5,000円以上 10,000円未満	10,000円以上 20,000円未満	初めて	観光パンフレット・ポスター	近江町市場		ひがし茶屋街		1,000円未満	満足	可愛いグッズが置いてあったから。	とても満足	金箔を作る工程がよく分かったから。	感じなかった		9	お土産の種類がもっと多いとより良い。	機会があれば行きたい	生魚が苦手な友人と旅行したので、刺身以外も置いてある店がもっと増えると良い。	女	1985	東京都	目黒区	700万円以上 800万円未満	景品が当たる	とても満足	10	食べ物が美味しく街並みが綺麗で金箔貼り体験もできるから。
金沢エリア	石川県観光物産館	2025/08/29	同意する	1泊	1泊	金沢エリア  （湯涌温泉、深谷温泉、犀川温泉など）	石川県外には泊まらない	親	宿でのんびり過ごす, 地元の美味しいものを食べる, 花見や紅葉などの自然鑑賞, 名所、旧跡の観光, 買い物、アウトレット, まちあるき、都市散策	新幹線, 在来線	路線バス	とても満足	バスの本数や停留場が多く、便利だった	5,000円以上 10,000円未満	20,000円以上 30,000円未満	10,000円以上 20,000円未満	初めて	インターネット・アプリ	近江町市場		兼六園		3,000円以上 5,000円未満	とても満足	豪雨で困っていたところ、この施設での体験が出来ることを知り、和菓子作りと金箔貼りをしました。とても充実しました。	とても満足	体験に買い物券が付いてきて、下で買い物ができて良かった。地下一階や和菓子を作る部屋にある展示も見ることが出来て良かった。	感じなかった		10	雨の日でも楽しむことが出来て良かったです。和菓子体験で頂いたお買い物券を使って買い物できたのも良かったです。	機会があれば行きたい	加賀棒茶、金箔	女	1999	千葉県	成田市	800万円以上 900万円未満	ひゃくまんさんが好き	満足	8	石川県観光物産館での和菓子作りと金箔貼り体験。買い物と体験ができて良かった。
金沢エリア	石川県観光物産館	2025/08/29	同意する	2泊	1泊	金沢エリア  （湯涌温泉、深谷温泉、犀川温泉など）	福井県	小学生以下連れの家族	地元の美味しいものを食べる, まちあるき、都市散策	新幹線	在来線, 徒歩	とても満足	遠くなかった。	20,000円以上 30,000円未満	1,000円以上 3,000円未満	5,000円以上 10,000円未満	2～5回目	新聞・雑誌・ガイドブック	近江町市場		近江町市場		3,000円以上 5,000円未満	とても満足	会計がまとめられる	とても満足	金券がある	感じなかった		8		また行きたい（1年以内）	近江市場	女	1972	千葉県	市川市	700万円以上 800万円未満	景品が当たる	とても満足	9	
金沢エリア	石川県立歴史博物館	2025/08/29	同意する	日帰り	石川県内には宿泊しない	石川県内には宿泊しない	石川県外には泊まらない	恋人	地元の美味しいものを食べる, 名所、旧跡の観光, 買い物、アウトレット, まちあるき、都市散策, ドライブ・ツーリング	県外から訪れていない（石川県内在住）	自家用車			使わない	1,000円未満	1,000円以上 3,000円未満	2～5回目	観光展・物産展, 大学の授業	尾山神社		ひがし茶屋街		1,000円未満	とても満足	順序よくみることが出来てスタッフの対応も良かったから。	とても満足	震災後の復興における姿を見学できて防災士試験を受ける上で非常に感慨深いものがあったから。	感じなかった		9	もっと震災の事や、石川県ならではの展示をして欲しい。	石川県在住	石川のおすすめのご飯で外国人にも親しみやすい物を提供できると良いと思う。	男	2004	石川県	金沢市	100万円未満	景品が当たる, 石川県の雑学を知りたい	とても満足	10	
金沢エリア	石川県立歴史博物館	2025/08/29	同意する	1泊	1泊	金沢エリア  （湯涌温泉、深谷温泉、犀川温泉など）	富山県	夫婦2人	宿でのんびり過ごす, 温泉や露天風呂	新幹線	タクシー	どちらでもない	折角美術館、歴史史料館、図書館館が近い距離にあるので、特定のルートだけを回るバスとかがあるととても観光しやすいと思いました。	50,000円以上 100,000円未満	10,000円以上 20,000円未満	30,000円以上 40,000円未満	初めて	新聞・雑誌・ガイドブック	選択なし/該当施設なし	石川県立図書館	ひがし茶屋街		5,000円以上 10,000円未満	とても満足	県民でなくともとても使いやすい図書館でした。	とても満足	荷物を預けられる場所があったり、カフェで休めたりとても使いやすかったです。	感じなかった		9		また行きたい（1年以内）	特になし	女	1988	東京都	中野区	700万円以上 800万円未満	景品が当たる, 石川県のおすすめ観光スポットが見たい, 石川県の雑学を知りたい	とても満足	9	
金沢エリア	金沢中央観光案内所	2025/08/29	同意する	1泊	1泊	金沢エリア  （湯涌温泉、深谷温泉、犀川温泉など）	石川県外には泊まらない	中学生以上連れの家族	宿でのんびり過ごす, 地元の美味しいものを食べる, 買い物、アウトレット, まちあるき、都市散策, 羽生結弦さんの応援企画	新幹線	徒歩			5,000円以上 10,000円未満	20,000円以上 30,000円未満	10,000円以上 20,000円未満	2～5回目	インターネット・アプリ	近江町市場		尾山神社		使わない	満足	わかりやすい	満足	広くてきれい	感じなかった		5		また行きたい（1年以内）	寿司が美味しい	女	1957	神奈川県	横浜市	500万円以上 600万円未満	景品が当たる	とても満足	10	食べ物が美味しい
金沢エリア	ホテルアマネク金沢	2025/08/30	同意する	3泊	1泊	金沢エリア  （湯涌温泉、深谷温泉、犀川温泉など）	大阪 沖縄	夫婦2人	お祭りやイベントへの参加・見物	自家用車	自家用車			5,000円以上 10,000円未満	5,000円以上 10,000円未満	1,000円以上 3,000円未満	初めて	インターネット・アプリ	選択なし/該当施設なし	旅行ではないため	選択なし/該当施設なし	旅行ではないため	5,000円以上 10,000円未満	とても満足	綺麗	とても満足	綺麗	感じた	シャワー温度が調節できなかった	10		また行きたい（1年以内）	満足です	男	1974	三重県	多気郡多気町	1,500万円以上	景品が当たる	とても満足	10	何回も来てますがとても魅力的な街です
金沢エリア	石川県立歴史博物館	2025/08/30	同意する	日帰り	1泊	金沢エリア  （湯涌温泉、深谷温泉、犀川温泉など）	富山県	小学生以下連れの家族	名所、旧跡の観光, テーマパーク（遊園地、動物園、博物館など）	自家用車	自家用車			1,000円未満	1,000円未満	5,000円以上 10,000円未満	6～10回目	観光展・物産展	ひがし茶屋街		選択なし/該当施設なし		1,000円以上 3,000円未満	とても満足	のんびりできる	とても満足	静かで衛生的	感じなかった		10		また行きたい（1年以内）	和菓子	女	1984	石川県	金沢市	1,000万円以上 1,200万円未満	景品が当たる	とても満足	10	
金沢エリア	石川県立歴史博物館	2025/08/30	同意する	1泊	1泊	金沢エリア  （湯涌温泉、深谷温泉、犀川温泉など）	石川県外には泊まらない	恋人	名所、旧跡の観光, まちあるき、都市散策	自家用車	徒歩			5,000円以上 10,000円未満	3,000円以上 5,000円未満	20,000円以上 30,000円未満	初めて	インターネット・アプリ, 友人・知人	金沢21世紀美術館		選択なし/該当施設なし		1,000円以上 3,000円未満	満足	静かにじっくり歴史などを知ることができた。休憩スペースでも静かにやすめ、ありがたかったから。	とても満足		感じなかった		8		機会があれば行きたい	簡単に使えるレンタルサイクルが増えると、現地での移動が楽になっていいなと思います。	男	2000	愛知県	刈谷市	300万円以上 400万円未満	景品が当たる, なんとなく	とても満足	8	
金沢エリア	石川県観光物産館	2025/08/30	同意する	1泊	1泊	金沢エリア  （湯涌温泉、深谷温泉、犀川温泉など）	石川県外には泊まらない	中学生以上連れの家族	地元の美味しいものを食べる, 名所、旧跡の観光	新幹線, 在来線	路線バス, 徒歩	満足	わかりやすかった	5,000円以上 10,000円未満	1,000円以上 3,000円未満	5,000円以上 10,000円未満	初めて	インターネット・アプリ	兼六園		選択なし/該当施設なし		1,000円以上 3,000円未満	満足	静か	満足	親切	感じなかった		8		どちらともいえない	ご当地グルメ	女	1976	神奈川県	横浜市	1,500万円以上	景品が当たる	とても満足	7	
金沢エリア	尾山神社	2025/08/30	同意する	日帰り	石川県内には宿泊しない	石川県内には宿泊しない	石川県外には泊まらない	自分ひとり	地元の美味しいものを食べる, 名所、旧跡の観光, 買い物、アウトレット	在来線	路線バス	とても満足	観光する時間が有意義に使えるので	10,000円以上 20,000円未満	10,000円以上 20,000円未満	10,000円以上 20,000円未満	6～10回目	新聞・雑誌・ガイドブック, TV・ラジオ番組やCM	兼六園		兼六園		3,000円以上 5,000円未満	とても満足	値段があまりかからなくっていい	とても満足	風情があってよい	感じなかった		10		また行きたい（1年以内）	特になし	男	1994	神奈川県	横浜市	400万円以上 500万円未満	石川県のおすすめ観光スポットが見たい	とても満足	10	
金沢エリア	妙立寺	2025/08/30	同意する	1泊	石川県内には宿泊しない	石川県内には宿泊しない	富山県	夫婦2人	地元の美味しいものを食べる	新幹線, 飛行機	タクシー	とても満足	涼しかった	使わない	5,000円以上 10,000円未満	10,000円以上 20,000円未満	初めて	Instagram	選択なし/該当施設なし	駅、これから回る	兼六園		1,000円未満	とても満足	実際に目で見ると楽しかった	とても満足	上に同じ	感じなかった		8	とても楽しかった	機会があれば行きたい	特になし	女	1997	鳥取県	米子市	1,500万円以上	景品が当たる	満足	8	これから回るから
金沢エリア	KKRホテル金沢	2025/08/30	同意する	1泊	1泊	金沢エリア  （湯涌温泉、深谷温泉、犀川温泉など）	石川県外には泊まらない	小学生以下連れの家族	テーマパーク（遊園地、動物園、博物館など）	新幹線, 在来線	徒歩			20,000円以上 30,000円未満	1,000円未満	20,000円以上 30,000円未満	2～5回目	観光パンフレット・ポスター, インターネット・アプリ	選択なし/該当施設なし	ポケモンセンター	兼六園		20,000円以上 30,000円未満	とても満足	対応がとても親切で丁寧	とても満足	施設が綺麗で新しく感じた	感じなかった		9	子供の広場があって良かった	機会があれば行きたい	特になし	男	1978	三重県	伊勢市	1,200万円以上 1,500万円未満	景品が当たる, 石川県のおすすめ観光スポットが見たい, なんとなく	満足	7	全般的に、混雑がない。そのうえで見るところがある。
金沢エリア	KOKOHOTEL Premier 金沢香林坊	2025/08/31	同意する	2泊	石川県内には宿泊しない	金沢エリア  （湯涌温泉、深谷温泉、犀川温泉など）	石川県外には泊まらない	夫婦2人	宿でのんびり過ごす	自家用車	路線バス, 徒歩	とても満足	遊覧バスは便利でした	20,000円以上 30,000円未満	1,000円以上 3,000円未満	50,000円以上 100,000円未満	2～5回目	観光展・物産展, 観光連盟やDMOのHP, インターネット・アプリ, Instagram	兼六園	素晴らしい	近江町市場	市場は楽しいが高額でびっくり	3,000円以上 5,000円未満	どちらでもない		満足	ロケーション清潔	感じなかった		9		機会があれば行きたい	美味しくて楽しかった	女	1962	兵庫県	神崎郡香寺町	900万円以上 1,000万円未満	景品が当たる, 石川県のおすすめ観光スポットが見たい	満足	9	
金沢エリア	屋内木育施設 もりのひみつきち	2025/08/31	同意する	日帰り	石川県内には宿泊しない	石川県内には宿泊しない	石川県外には泊まらない	小学生以下連れの家族	地元の美味しいものを食べる, テーマパーク（遊園地、動物園、博物館など）	自家用車	自家用車	満足	広い	使わない	使わない	1,000円以上 3,000円未満	初めて	ブログ	選択なし/該当施設なし		選択なし/該当施設なし	海	1,000円未満	満足	涼しい	満足	子供の声が楽しみ	感じなかった		10		石川県在住	特になし	女	1955	石川県	河北郡津幡町	100万円以上 200万円未満	景品が当たる	満足	10	緑がいい
金沢エリア	屋内木育施設 もりのひみつきち	2025/08/31	同意する	日帰り	1泊	金沢エリア  （湯涌温泉、深谷温泉、犀川温泉など）	石川県外には泊まらない	小学生以下連れの家族	宿でのんびり過ごす, お祭りやイベントへの参加・見物, スポーツ観戦や芸術鑑賞（コンサート等）	自家用車	自家用車	とても満足	子供が満足できる遊び場がgood	1,000円以上 3,000円未満	5,000円以上 10,000円未満	1,000円未満	2～5回目	新聞・雑誌・ガイドブック	ひがし茶屋街		兼六園		1,000円未満	とても満足	子供に安全な施設なため	とても満足	建物が素晴らしい	感じなかった		10	簡単な軽食が食べれるとこがあればいい	また行きたい（1年以内）	おしゃれなお店は子連れは敷居が高い気がする	男	1976	石川県	金沢市	400万円以上 500万円未満	景品が当たる	とても満足	10	食べ物が美味しい
金沢エリア	金沢中央観光案内所	2025/08/31	同意する	4泊以上	1泊	金沢エリア  （湯涌温泉、深谷温泉、犀川温泉など）	クルーズ乗降地のため利用	自分ひとり	地元の美味しいものを食べる, 名所、旧跡の観光	新幹線	徒歩			5,000円以上 10,000円未満	30,000円以上 40,000円未満	10,000円以上 20,000円未満	初めて	新聞・雑誌・ガイドブック, インターネット・アプリ	尾山神社		選択なし/該当施設なし	金沢城	1,000円未満	満足	落ち着いている	満足		感じなかった		8		機会があれば行きたい	海鮮	女	1970	東京都	府中市	1,500万円以上	観光案内所を利用したから	とても満足	9	武家屋敷跡
金沢エリア	石川県観光物産館	2025/08/31	同意する	日帰り	1泊	金沢エリア  （湯涌温泉、深谷温泉、犀川温泉など）	石川県外には泊まらない	職場の同僚	テーマパーク（遊園地、動物園、博物館など）	レンタカー	レンタカー	とても満足		5,000円以上 10,000円未満	5,000円以上 10,000円未満	3,000円以上 5,000円未満	初めて	新聞・雑誌・ガイドブック	兼六園		近江町市場		1,000円以上 3,000円未満	とても満足		とても満足		感じた	Small parking size, semai	10		機会があれば行きたい	特になし	男	1989	愛知県	犬山市	100万円未満	なんとなく	満足	10	
金沢エリア	妙立寺	2025/08/31	同意する	1泊	1泊	金沢エリア  （湯涌温泉、深谷温泉、犀川温泉など）	石川県外には泊まらない	友人	地元の美味しいものを食べる, 名所、旧跡の観光, まちあるき、都市散策	在来線, 旅行会社ツアーバス	路線バス, 徒歩			5,000円以上 10,000円未満	5,000円以上 10,000円未満	10,000円以上 20,000円未満	2～5回目	観光展・物産展	選択なし/該当施設なし		金沢21世紀美術館		使わない	とても満足	施設の面白さがよく伝わる語り方だった	とても満足	綺麗なところだった	感じなかった	特になし	7	飲食店が近くに常にあり利用しやすかった	機会があれば行きたい	特になし、現状に満足	女	2000	京都府	京都市	300万円以上 400万円未満	景品が当たる	満足	8	進めたいが距離と交通手段に難があるため
金沢エリア	石川県立歴史博物館	2025/08/31	同意する	日帰り	石川県内には宿泊しない	石川県内には宿泊しない	福井県	夫婦2人	テーマパーク（遊園地、動物園、博物館など）	自家用車	自家用車			使わない	1,000円以上 3,000円未満	3,000円以上 5,000円未満	2～5回目	観光連盟やDMOのHP, 友人・知人	選択なし/該当施設なし		選択なし/該当施設なし		1,000円未満	とても満足		とても満足	以前から展示内容が変わっていて、それが、とても充実したものだったから	感じなかった		10	映像などが効果的に使われていると思った	機会があれば行きたい	特になし	男	1964	福井県	越前市	500万円以上 600万円未満	景品が当たる, なんとなく	満足	9	良い施設だったから
金沢エリア	スーパーホテルPremier金沢駅東口	2025/08/31	同意する	2泊	2泊	金沢エリア  （湯涌温泉、深谷温泉、犀川温泉など）	石川県外には泊まらない	職場の同僚	出張など仕事関係	新幹線	徒歩			10,000円以上 20,000円未満	1,000円以上 3,000円未満	10,000円以上 20,000円未満	初めて	新聞・雑誌・ガイドブック, 観光協会等の案内所	選択なし/該当施設なし		選択なし/該当施設なし		使わない	とても満足	ベッドが大きくて寝心地が良かった	とても満足	ごはんも美味しくてよく眠れたから	感じなかった		7	フリードリンクが待ち合わせの間にとても便利だった	機会があれば行きたい	特になし	女	1983	東京都	町田市	900万円以上 1,000万円未満	景品が当たる, ひゃくまんさんが好き	満足	10	復興支援と美しい街並み
金沢エリア	石川県立歴史博物館	2025/08/31	同意する	日帰り	石川県内には宿泊しない	石川県内には宿泊しない	石川県外には泊まらない	小学生以下連れの家族	名所、旧跡の観光	自家用車	自家用車			使わない	1,000円未満	1,000円以上 3,000円未満	初めて	インターネット・アプリ	選択なし/該当施設なし	自宅から直接来た	選択なし/該当施設なし	歴史博物館が目的で来たので、帰りにスーパー等に寄って帰る。	1,000円未満	不満	受付の女性は優しかったが、男性は怖かった。子供たちは何も悪いことをしていないのに、事前に注意されて嫌な気分になった。	とても満足	外観もレンガ造りで良かったし、展示も面白かった。粟ヶ崎遊園の映像を見て、内灘の方にも行ってみようと思う。お祭りのシアターも臨場感があった。	感じた	チケット売り場の近くの女子トイレは天井が低すぎる。	10		また行きたい（1年以内）	ワークショップ	女	1987	石川県	金沢市	600万円以上 700万円未満	景品が当たる, ひゃくまんさんが好き, 石川県のおすすめ観光スポットが見たい, 石川県の雑学を知りたい	とても満足	10	
金沢エリア	加賀友禅会館（加賀友禅ミュージアムそめりあ）	2025/08/31	同意する	日帰り	石川県内には宿泊しない	石川県内には宿泊しない	石川県外には泊まらない	夫婦2人	各種体験（手作り、果物狩りなど）	自家用車	自家用車			使わない	1,000円以上 3,000円未満	10,000円以上 20,000円未満	初めて	Instagram	選択なし/該当施設なし	石川観光物産会館	兼六園		3,000円以上 5,000円未満	とても満足	丁寧な対応でした。	とても満足	友禅作品も綺麗でとても素敵な空間でした。	感じなかった		5		石川県在住	特になし	男	1983	石川県	かほく市	800万円以上 900万円未満	ひゃくまんさんが好き	とても満足	10	ご飯も空気も人も良いので是非来て欲しいです。
金沢エリア	金沢蓄音器館	2025/08/31	同意する	1泊	1泊	金沢エリア  （湯涌温泉、深谷温泉、犀川温泉など）	石川県外には泊まらない	恋人	宿でのんびり過ごす, 地元の美味しいものを食べる, 花見や紅葉などの自然鑑賞, アウトドア（海水浴、釣り、登山など）	自家用車	自家用車		蓄音機が素晴らしかった。観光案内のおじじさんありがとう！	10,000円以上 20,000円未満	5,000円以上 10,000円未満	5,000円以上 10,000円未満	初めて	観光協会等の案内所, タクシードライバーや地元の人	近江町市場		ひがし茶屋街		1,000円未満	とても満足	レコード素晴らしいです。家で聞きたい。	とても満足	館長さん（？）の説明が良かった。蓄音機はじめてでした。	感じなかった		8		また行きたい（1年以内）	生牡蠣が美味しかった。	女	2001	愛知県	一宮市	400万円以上 500万円未満	景品が当たる	とても満足	10	
金沢エリア	石川県観光物産館	2025/08/31	同意する	日帰り	石川県内には宿泊しない	石川県内には宿泊しない	石川県外には泊まらない	夫婦2人	各種体験（手作り、果物狩りなど）	自家用車	自家用車	とても満足	道も空いてた。	使わない	1,000円以上 3,000円未満	10,000円以上 20,000円未満	2～5回目	インターネット・アプリ	選択なし/該当施設なし	朝一に行きました。	選択なし/該当施設なし	加賀友禅館	10,000円以上 20,000円未満	とても満足	丁寧な接客でした。	とても満足	ゆったり過ごせました。	感じなかった	特になし	5	お土産も充実してました。	石川県在住	引き続き魅力ある石川の飲食を楽しみたいです。	男	1983	石川県	かほく市	800万円以上 900万円未満	ひゃくまんさんが好き	とても満足	10	和菓子作りや金箔貼りなど普段体験できないような事を、商品購入とさほど変わらない代金で出来たのはとてもいい経験でした。
金沢エリア	加賀友禅会館（加賀友禅ミュージアムそめりあ）	2025/08/31	同意する	日帰り	石川県内には宿泊しない	石川県内には宿泊しない	日帰り	夫婦2人	各種体験（手作り、果物狩りなど）	自家用車	自家用車			使わない	1,000円以上 3,000円未満	10,000円以上 20,000円未満	初めて	インターネット・アプリ, Instagram	選択なし/該当施設なし		選択なし/該当施設なし		3,000円以上 5,000円未満	満足	加賀友禅の体験ができるところが良かった	満足	思っていた以上に楽しめました	感じなかった		8		石川県在住	特になし	女	1982	石川県	かほく市	800万円以上 900万円未満	景品が当たる, ひゃくまんさんが好き, 石川県のおすすめ観光スポットが見たい	満足	9	伝統工芸を実際に体験できる
金沢エリア	加賀友禅会館（加賀友禅ミュージアムそめりあ）	2025/08/31	同意する	日帰り	石川県内には宿泊しない	石川県内には宿泊しない	日帰り	夫婦2人	各種体験（手作り、果物狩りなど）	自家用車	自家用車			使わない	1,000円以上 3,000円未満	10,000円以上 20,000円未満	初めて	インターネット・アプリ, Instagram	選択なし/該当施設なし		選択なし/該当施設なし		3,000円以上 5,000円未満	満足	加賀友禅体験ができたのが良かった	満足	思った以上に楽しめた	感じなかった		8		石川県在住	特になし	女	1982	石川県	かほく市	800万円以上 900万円未満	景品が当たる, ひゃくまんさんが好き, 石川県のおすすめ観光スポットが見たい	満足	9	伝統工芸の体験ができる
金沢エリア	尾山神社	2025/09/01	同意する	2泊	2泊	金沢エリア  （湯涌温泉、深谷温泉、犀川温泉など）	石川県外には泊まらない	親	名所、旧跡の観光, まちあるき、都市散策	自家用車	自家用車			10,000円以上 20,000円未満	1,000円未満	5,000円以上 10,000円未満	初めて	新聞・雑誌・ガイドブック, 観光パンフレット・ポスター, X(旧：Twitter), Instagram, タクシードライバーや地元の人	近江町市場		兼六園		1,000円未満	とても満足	御朱印が可愛かった	とても満足	綺麗だった	感じなかった		10		機会があれば行きたい	特になし	女	2006	神奈川県	横浜市	1,000万円以上 1,200万円未満	景品が当たる	とても満足	10	雰囲気が面白い
金沢エリア	金沢城公園	2025/09/01	同意する	1泊	1泊	加賀エリア （山代温泉、山中温泉、片山津温泉、粟津温泉、辰口温泉、加賀市、小松市など）	石川県外には泊まらない	恋人	宿でのんびり過ごす, 温泉や露天風呂, 地元の美味しいものを食べる, 花見や紅葉などの自然鑑賞	飛行機	路線バス, 徒歩	とても満足		30,000円以上 40,000円未満	30,000円以上 40,000円未満	40,000円以上 50,000円未満	初めて	観光展・物産展	選択なし/該当施設なし		ひがし茶屋街		30,000円以上 40,000円未満	とても満足		とても満足	全体的に清潔感があって快適	感じなかった		10		また行きたい（1年以内）	飲食です！	女	2005	東京都	世田谷区	100万円以上 200万円未満	景品が当たる, 石川県の雑学を知りたい	とても満足	10	
金沢エリア	金沢蓄音器館	2025/09/01	同意する	2泊	2泊	金沢エリア  （湯涌温泉、深谷温泉、犀川温泉など）	石川県外には泊まらない	夫婦2人	地元の美味しいものを食べる, 名所、旧跡の観光, まちあるき、都市散策	新幹線	路線バス, 徒歩			20,000円以上 30,000円未満	1,000円以上 3,000円未満	10,000円以上 20,000円未満	初めて	新聞・雑誌・ガイドブック, 観光パンフレット・ポスター	ひがし茶屋街		近江町市場		1,000円未満	満足		とても満足		感じなかった		8	一度は、来るべき！	機会があれば行きたい	多少高くても良いもの　美味しい物(石川だからこそ)を引き続き、提供し続けてください。	男	1967	東京都	あきる野市	400万円以上 500万円未満	景品が当たる, 石川県のおすすめ観光スポットが見たい, 石川県の雑学を知りたい	とても満足	7	四季折々を学び、感じて欲しい
金沢エリア	道の駅「高松」	2025/09/02	同意する	2泊	2泊	加賀エリア （山代温泉、山中温泉、片山津温泉、粟津温泉、辰口温泉、加賀市、小松市など）	石川県外には泊まらない	親子	友人・親戚を訪ねる	新幹線, 在来線	自家用車			20,000円以上 30,000円未満	使わない	5,000円以上 10,000円未満	初めて	友人・知人	選択なし/該当施設なし	気多大社	選択なし/該当施設なし		1,000円以上 3,000円未満	満足	食事にちよっとしたサラダなどがついていたら嬉しかった	とても満足	綺麗で景色もよく、満足	感じなかった		9	食事が美味しかった	また行きたい（1年以内）	今ある自然の恵みを、このままずっと頂けると嬉しいです	女	1968	東京都	八王子市	600万円以上 700万円未満	景品が当たる, ARでひゃくまんさんと写真が撮りたかった, 動く３Dひゃくまんさんを見たい	とても満足	10	食べ物も美味しいし、見る場所や体験などもたくさんあるから
金沢エリア	道の駅「高松」	2025/09/02	同意する	2泊	2泊	加賀エリア （山代温泉、山中温泉、片山津温泉、粟津温泉、辰口温泉、加賀市、小松市など）	石川県外には泊まらない	親子	友人・親戚を訪ねる	新幹線, 在来線	自家用車			使わない	使わない	10,000円以上 20,000円未満	初めて	友人・知人	選択なし/該当施設なし	気多大社	選択なし/該当施設なし		1,000円以上 3,000円未満	満足	単品の食事にサラダなどが付いていたら嬉しかった	とても満足	食事も美味しく、景色もきれいだったので	感じなかった		10	足湯が楽しかった	また行きたい（1年以内）	今ある自然の恵みを、ずっと頂けるようにして欲しいです。	女	1968	東京都	八王子市	600万円以上 700万円未満	景品が当たる, ARでひゃくまんさんと写真が撮りたかった, 動く３Dひゃくまんさんを見たい	とても満足	10	魚がとても美味しい！
金沢エリア	KOKOHOTEL Premier 金沢香林坊	2025/09/02	同意する	1泊	1泊	金沢エリア  （湯涌温泉、深谷温泉、犀川温泉など）	石川県外には泊まらない	自分ひとり	出張など仕事関係	新幹線	自家用車			5,000円以上 10,000円未満	20,000円以上 30,000円未満	3,000円以上 5,000円未満	初めて	インターネット・アプリ	選択なし/該当施設なし		選択なし/該当施設なし	ビジネス目的	5,000円以上 10,000円未満	とても満足	狭いが綺麗	とても満足	落ち着いた雰囲気がとてもよい	感じなかった		9		また行きたい（1年以内）	特に無し。今で十分。まだ楽しみ尽くせていない。	男	2000	愛知県	名古屋市	500万円以上 600万円未満	景品が当たる	とても満足	9	ブランディングが凄い
金沢エリア	金沢駅	2025/09/02	同意する	2泊	2泊	金沢エリア  （湯涌温泉、深谷温泉、犀川温泉など）	石川県外には泊まらない	自分ひとり	お祭りやイベントへの参加・見物, まちあるき、都市散策	飛行機	レンタサイクル	とても満足	気が向いた場所へ立ち寄れるから	10,000円以上 20,000円未満	10,000円以上 20,000円未満	10,000円以上 20,000円未満	2～5回目	新聞・雑誌・ガイドブック, 観光パンフレット・ポスター	近江町市場		近江町市場		1,000円以上 3,000円未満	とても満足	海鮮が美味しかったです	とても満足	楽しかったです	感じなかった	特になし	10	どこも美味しい	また行きたい（1年以内）	甘エビ	女	1970	千葉県	千葉市	600万円以上 700万円未満	景品が当たる	とても満足	10	海鮮が美味しいし人も優しいです
金沢エリア	KOKOHOTEL Premier 金沢香林坊	2025/09/02	同意する	1泊	1泊	金沢エリア  （湯涌温泉、深谷温泉、犀川温泉など）	富山県	友人	地元の美味しいものを食べる	レンタカー	レンタカー, 徒歩	満足	便利	5,000円以上 10,000円未満	1,000円未満	10,000円以上 20,000円未満	初めて	観光展・物産展	兼六園		金沢21世紀美術館		5,000円以上 10,000円未満	満足	サービスが良かった	満足		感じなかった		4		機会があれば行きたい	特になし	男	2004	奈良県	大和郡山市	100万円以上 200万円未満	石川県の雑学を知りたい, なんとなく	満足	3	
金沢エリア	金沢駅	2025/09/03	同意する	3泊	石川県内には宿泊しない	金沢エリア  （湯涌温泉、深谷温泉、犀川温泉など）	石川県外には泊まらない	親	名所、旧跡の観光, 金沢が飛鳥クルーズの寄港地だった為その帰りに観光	自家用車	自家用車	満足	駅前の駐車場が安かったので良かった	3,000円以上 5,000円未満	10,000円以上 20,000円未満	5,000円以上 10,000円未満	初めて	新聞・雑誌・ガイドブック, Instagram	選択なし/該当施設なし	金沢城公園	選択なし/該当施設なし	石川県立図書館	1,000円以上 3,000円未満	満足	金沢特有のパンが買えてよかった	満足	施設自体が綺麗で御手洗も使いやすかった。	感じなかった		8	商品が多くていいなと思った。	また行きたい（1年以内）	ご当地の食事をもう少し食べたい。	女	2005	兵庫県	姫路市	300万円以上 400万円未満	景品が当たる, 石川県のおすすめ観光スポットが見たい	満足	9	石川県立図書館が素晴らしくて、通いたいと思ったし他人に勧めたいとも思った。
金沢エリア	石川県立歴史博物館	2025/09/03	同意する	4泊以上	4泊以上	金沢エリア  （湯涌温泉、深谷温泉、犀川温泉など）	石川県外には泊まらない	学校関係（修学旅行・社会科見学等）	地元の美味しいものを食べる, 名所、旧跡の観光, まちあるき、都市散策, 建築	新幹線, 在来線	路線バス	満足		50,000円以上 100,000円未満	40,000円以上 50,000円未満	50,000円以上 100,000円未満	初めて	新聞・雑誌・ガイドブック, インターネット・アプリ, Instagram	金沢21世紀美術館		選択なし/該当施設なし	からくり記念館、海みらい図書館	1,000円以上 3,000円未満	満足		満足		感じなかった		9		また行きたい（1年以内）	特になし	女	2003	広島県	広島市	100万円未満	景品が当たる, 石川県のおすすめ観光スポットが見たい	とても満足	9	ご飯も美味しく観光場所が比較的近いと感じた。観光地近くにバス停もあり、散策しやすい。
金沢エリア	石川県立歴史博物館	2025/09/03	同意する	4泊以上	4泊以上	金沢エリア  （湯涌温泉、深谷温泉、犀川温泉など）	石川県外には泊まらない	団体旅行	名所、旧跡の観光	新幹線	路線バス	不満	バスの路線が少しわかりにくい…‼︎	50,000円以上 100,000円未満	50,000円以上 100,000円未満	50,000円以上 100,000円未満	初めて	観光展・物産展	金沢21世紀美術館		兼六園		1,000円未満	満足	施設利用料がお得！	とても満足	3面での祭りのシアターがとても楽しかった。何のお祭りか少しわからなかったが、お祭りの時期に訪れてみたい！！	感じなかった	少し訪れにくい	10	これから見ます	また行きたい（1年以内）	もう少し交通網があればいいなと思う	女	2003	広島県	広島市	100万円未満	景品が当たる	とても満足	10	金沢21世紀美術館
金沢エリア	屋内木育施設 もりのひみつきち	2025/09/04	同意する	日帰り	石川県内には宿泊しない	石川県内には宿泊しない	石川県外には泊まらない	小学生以下連れの家族	モリノヒミツキチにくるために	自家用車	自家用車			使わない	使わない	1,000円以上 3,000円未満	初めて	インターネット・アプリ, Instagram	選択なし/該当施設なし		選択なし/該当施設なし	ご飯屋	1,000円未満	とても満足		とても満足	広くて安全	感じなかった		10		また行きたい（1年以内）	特になし	女	1994	富山県	氷見市	300万円以上 400万円未満	景品が当たる	とても満足	10	
金沢エリア	金沢駅	2025/09/04	同意する	1泊	1泊	金沢エリア  （湯涌温泉、深谷温泉、犀川温泉など）	石川県外には泊まらない	夫婦2人	お祭りやイベントへの参加・見物	新幹線, 旅行会社ツアーバス	旅行会社ツアーバス	満足	ツアーガイドの説明は充分でしたが、自分の計画が適切では無かった	10,000円以上 20,000円未満	30,000円以上 40,000円未満	1,000円以上 3,000円未満	初めて	インターネット・アプリ	選択なし/該当施設なし		選択なし/該当施設なし	以前石川県に10年間移住していたため	使わない	どちらでもない	石川県では観光していない	どちらでもない	観光していない	感じなかった		7		どちらともいえない	特になし	女	1964	兵庫県	神戸市	900万円以上 1,000万円未満	ひゃくまんさんが好き	満足	7	
金沢エリア	香林坊大和	2025/09/04	同意する	2泊	1泊	金沢エリア  （湯涌温泉、深谷温泉、犀川温泉など）	富山県	恋人	宿でのんびり過ごす, 温泉や露天風呂, 地元の美味しいものを食べる, 名所、旧跡の観光, お祭りやイベントへの参加・見物, まちあるき、都市散策, ドライブ・ツーリング	新幹線, 在来線	路線バス, 徒歩	満足	駅から本数が多かった	5,000円以上 10,000円未満	5,000円以上 10,000円未満	10,000円以上 20,000円未満	2～5回目	観光展・物産展, Instagram	兼六園		近江町市場		3,000円以上 5,000円未満	満足	御当地のものがいろいろあった	満足	清潔感があった	感じた	トイレが階段の踊り場にあり、足が不自由で辛かった	9		機会があれば行きたい	食べ歩きの充実。いろんな名物を少しずつ食べたい	男	1994	大阪府	吹田市	500万円以上 600万円未満	景品が当たる	とても満足	10	西茶屋街で食べた、落雁屋のかき氷
金沢エリア	尾山神社	2025/09/04	同意する	1泊	1泊	金沢エリア  （湯涌温泉、深谷温泉、犀川温泉など）	石川県外には泊まらない	親	宿でのんびり過ごす, 地元の美味しいものを食べる, 名所、旧跡の観光, テーマパーク（遊園地、動物園、博物館など）, まちあるき、都市散策, 各種体験（手作り、果物狩りなど）	新幹線	タクシー, 徒歩	不満	個人タクシーの方でしたが、とても対応がぶっきらぼうでした。また、支払いが現金のみだったのも困るなぁと思いました。路線バスでもSuica等の交通系が使えなかったり、少し悩ましいなと思いました。	40,000円以上 50,000円未満	30,000円以上 40,000円未満	20,000円以上 30,000円未満	初めて	Instagram, ホテル(the hotel SANRAKU)の案内	金沢21世紀美術館		兼六園		1,000円未満	満足	ライトアップが綺麗だった	とても満足		感じなかった	外国人が、お賽銭箱の前でたむろしていたので、通りにくかった。	10	おみくじしました。久しぶりで楽しかったです。	機会があれば行きたい	金箔体験、当日でも出来るところがところがあると嬉しいです(予約いると知らず。。。)	女	1996	東京都	江東区	400万円以上 500万円未満	景品が当たる, 石川県のおすすめ観光スポットが見たい, なんとなく	とても満足	10	早朝の兼六園散歩 静かで砂利や鳥、水の音を聞きながら歩くのはとても気持ちよかった
金沢エリア	屋内木育施設 もりのひみつきち	2025/09/05	同意する	1泊	1泊	加賀エリア （山代温泉、山中温泉、片山津温泉、粟津温泉、辰口温泉、加賀市、小松市など）	石川県外には泊まらない	小学生以下連れの家族	宿でのんびり過ごす, 温泉や露天風呂	自家用車	自家用車			10,000円以上 20,000円未満	5,000円以上 10,000円未満	5,000円以上 10,000円未満	2～5回目	Instagram	選択なし/該当施設なし		選択なし/該当施設なし	加賀温泉	1,000円未満	どちらでもない	遊具の種類の多さ、清潔度	とても満足	年齢別にスペースが分けてある	感じなかった		9		また行きたい（1年以内）	遊園地	女	1991	富山県	魚津市	800万円以上 900万円未満	景品が当たる	満足	9	
金沢エリア	尾山神社	2025/09/05	同意する	2泊	2泊	金沢エリア  （湯涌温泉、深谷温泉、犀川温泉など）	石川県外には泊まらない	団体旅行	地元の美味しいものを食べる, 名所、旧跡の観光, アウトドア（海水浴、釣り、登山など）, まちあるき、都市散策, 	飛行機, 旅行会社ツアーバス	旅行会社ツアーバス	満足	楽ちん	20,000円以上 30,000円未満	20,000円以上 30,000円未満	5,000円以上 10,000円未満	6～10回目	新聞・雑誌・ガイドブック, 観光パンフレット・ポスター	兼六園		金沢21世紀美術館		3,000円以上 5,000円未満	満足		満足		感じなかった		8	静かで良かった	機会があれば行きたい	グルメ村があれば良い	男	1951	神奈川県	川崎市幸区	700万円以上 800万円未満	景品が当たる	満足	8	伝統､グルメ
金沢エリア	ダイワロイネットホテル金沢MIYABI	2025/09/05	同意する	1泊	1泊	金沢エリア  （湯涌温泉、深谷温泉、犀川温泉など）	石川県外には泊まらない	職場の同僚	地元の美味しいものを食べる, 出張など仕事関係	新幹線, 在来線	在来線	とても満足	名古屋からですが、新幹線がとても綺麗で揺れも少なく、快適な旅です。	10,000円以上 20,000円未満	10,000円以上 20,000円未満	20,000円以上 30,000円未満	2～5回目	インターネット・アプリ, 友人・知人	兼六園		選択なし/該当施設なし	県立図書館	3,000円以上 5,000円未満	とても満足	風情を感じるとても素敵な場所でした。	とても満足		感じなかった		10		また行きたい（1年以内）	特にありません	女	1991	愛知県	名古屋市	800万円以上 900万円未満	なんとなく	とても満足	10	街並みがとても綺麗でした。
金沢エリア	金沢駅	2025/09/05	同意する	2泊	2泊	金沢エリア  （湯涌温泉、深谷温泉、犀川温泉など）	石川県外には泊まらない	夫婦2人	地元の美味しいものを食べる, お祭りやイベントへの参加・見物, まちあるき、都市散策, 友人・親戚を訪ねる	新幹線	路線バス, 徒歩	とても満足	バスが充実している	10,000円以上 20,000円未満	1,000円以上 3,000円未満	40,000円以上 50,000円未満	初めて	新聞・雑誌・ガイドブック, 観光パンフレット・ポスター	尾山神社		兼六園		3,000円以上 5,000円未満	満足	お天気が悪く、ザーっと雨が降った	とても満足	ステンドグラスの神社は珍しく、綺麗だった	感じなかった		10	雨宿りで近くのカフェを利用。カフェラテが美味しかった	機会があれば行きたい	特になし	女	1961	宮城県	塩釜市	500万円以上 600万円未満	景品が当たる, 石川県のおすすめ観光スポットが見たい	とても満足	10	近江市場の海鮮がリーズナブルでおいしい
金沢エリア	尾山神社	2025/09/05	同意する	1泊	1泊	金沢エリア  （湯涌温泉、深谷温泉、犀川温泉など）	石川県外には泊まらない	夫婦2人	宿でのんびり過ごす, 地元の美味しいものを食べる	自家用車	自家用車	どちらでもない	観光施設の閉店時間が早く訪問時は閉店してた	30,000円以上 40,000円未満	10,000円以上 20,000円未満	30,000円以上 40,000円未満	2～5回目	Instagram	ひがし茶屋街		ひがし茶屋街		1,000円以上 3,000円未満	満足		満足		感じなかった		5		機会があれば行きたい	全てにおいて価格が高井	男	1975	奈良県	河合町	300万円以上 400万円未満	景品が当たる	満足	7	海鮮
金沢エリア	金沢駅	2025/09/05	同意する	2泊	2泊	金沢エリア  （湯涌温泉、深谷温泉、犀川温泉など）	石川県外には泊まらない	小学生以下連れの家族	宿でのんびり過ごす, 地元の美味しいものを食べる, まちあるき、都市散策	新幹線, 在来線	路線バス	とても満足	バスの本数が多く便利、ベビーカーを畳まずに乗車でき赤ちゃん連れにはありがたかった	10,000円以上 20,000円未満	20,000円以上 30,000円未満	30,000円以上 40,000円未満	2～5回目	Instagram, OMOレンジャーの案内	金沢21世紀美術館		近江町市場		10,000円以上 20,000円未満	満足		とても満足		感じた	通りが多くどこにどのお店があるか少し迷子になりそうだった	8		また行きたい（1年以内）	海鮮をはじめ全て美味しかったのですが、加賀しずく(なし)を金沢駅周辺でも購入できたら嬉しいです。初めて食べて感動しました。是非まだ食べたことのない人にも勧めたり、お土産にしたい	女	1993	東京都	豊島区	400万円以上 500万円未満	0歳児と訪れたこの金沢で過ごした時間が楽しかったのでその気持ちを伝えたかったため	とても満足	10	情緒ある街並みと観光場所、美味しいごはん
金沢エリア	金沢中央観光案内所	2025/09/06	同意する	日帰り	石川県内には宿泊しない	石川県内には宿泊しない	石川県外には泊まらない	小学生以下連れの家族	地元の美味しいものを食べる, まちあるき、都市散策	県外から訪れていない（石川県内在住）	自家用車			使わない	3,000円以上 5,000円未満	10,000円以上 20,000円未満	初めて	インターネット・アプリ, 観光協会等の案内所	尾山神社		ひがし茶屋街		1,000円未満	満足	情報が得れた	満足	綺麗だった	感じなかった		7		石川県在住	特になし	男	1990	石川県	輪島市	400万円以上 500万円未満	景品が当たる	満足	8	ひがし茶屋街
金沢エリア	金沢駅	2025/09/06	同意する	2泊	2泊	金沢エリア  （湯涌温泉、深谷温泉、犀川温泉など）	石川県外には泊まらない	中学生以上連れの家族	地元の美味しいものを食べる, お祭りやイベントへの参加・見物	新幹線, 在来線	在来線	とても満足	乗り換えがスムーズで安心できた	10,000円以上 20,000円未満	5,000円以上 10,000円未満	30,000円以上 40,000円未満	初めて	観光パンフレット・ポスター, インターネット・アプリ	ひがし茶屋街		金沢21世紀美術館		1,000円以上 3,000円未満	とても満足	評判通りであった	とても満足	とてもよかった	感じなかった		10		また行きたい（1年以内）	特になし	女	1995	大阪府	東大阪市	300万円以上 400万円未満	ひゃくまんさんが好き, 石川県のおすすめ観光スポットが見たい	とても満足	10	
金沢エリア	KOKOHOTEL Premier 金沢香林坊	2025/09/06	同意する	2泊	1泊	金沢エリア  （湯涌温泉、深谷温泉、犀川温泉など）	富山県	夫婦2人	地元の美味しいものを食べる, 名所、旧跡の観光	自家用車	自家用車			10,000円以上 20,000円未満	20,000円以上 30,000円未満	5,000円以上 10,000円未満	初めて	インターネット・アプリ	兼六園		選択なし/該当施設なし	白山	3,000円以上 5,000円未満	とても満足	サービス　清潔さ	とても満足		感じなかった		10		機会があれば行きたい	特になし	女	1958	京都府	宇治市	600万円以上 700万円未満	景品が当たる, 石川県のおすすめ観光スポットが見たい	とても満足	10	
金沢エリア	尾山神社	2025/09/06	同意する	1泊	1泊	金沢エリア  （湯涌温泉、深谷温泉、犀川温泉など）	石川県外には泊まらない	夫婦2人	地元の美味しいものを食べる, 名所、旧跡の観光, まちあるき、都市散策	自家用車	自家用車			5,000円以上 10,000円未満	1,000円以上 3,000円未満	5,000円以上 10,000円未満	初めて	インターネット・アプリ	兼六園		近江町市場		使わない	とても満足	とてもきれい	とても満足		感じなかった		10		機会があれば行きたい	石川県は広くてまだまだ見たい所がありまた今度は違う所を訪れたいです	女	1966	愛知県	名古屋市	700万円以上 800万円未満	景品が当たる	とても満足	10	町がきれいで名所もたくさんあり観光しやすかった
金沢エリア	尾山神社	2025/09/06	同意する	日帰り	石川県内には宿泊しない	石川県内には宿泊しない	石川県外には泊まらない	自分ひとり	地元の美味しいものを食べる, 名所、旧跡の観光, 買い物、アウトレット, まちあるき、都市散策	新幹線	路線バス, 徒歩	とても満足	バスの一日乗車券があるから。	使わない	10,000円以上 20,000円未満	3,000円以上 5,000円未満	2～5回目	インターネット・アプリ, X(旧：Twitter), Instagram, Facebook, 観光協会等の案内所	近江町市場		金沢21世紀美術館		1,000円未満	とても満足	御朱印をいただけたから。	とても満足	神社仏閣巡りが好きだから。	感じなかった	なし	10	御朱印	また行きたい（1年以内）	金箔	男	1979	神奈川県	横浜市	600万円以上 700万円未満	景品が当たる, ひゃくまんさんが好き, 石川県のおすすめ観光スポットが見たい, 石川県の雑学を知りたい	とても満足	10	巡りたい観光スポットがたくさんあるから。
金沢エリア	スーパーホテルPremier金沢駅東口	2025/09/06	同意する	3泊	3泊	金沢エリア  （湯涌温泉、深谷温泉、犀川温泉など）	石川県外には泊まらない	自分ひとり	宿でのんびり過ごす	バス	徒歩			30,000円以上 40,000円未満	3,000円以上 5,000円未満	10,000円以上 20,000円未満	11回目以上	インターネット・アプリ	近江町市場		尾山神社		1,000円以上 3,000円未満	どちらでもない	特にない	満足	金沢らしさが感じられる	感じなかった		9		また行きたい（1年以内）	イートインができる施設が多いこと	女	1979	新潟県	新潟市	300万円以上 400万円未満	ひゃくまんさんが好き	満足	9	街の散策がしやすい
金沢エリア	今井金箔本店	2025/09/06	同意する	1泊	1泊	金沢エリア  （湯涌温泉、深谷温泉、犀川温泉など）	石川県外には泊まらない	小学生以下連れの家族	名所、旧跡の観光, テーマパーク（遊園地、動物園、博物館など）	レンタカー, 新幹線	路線バス	満足	案内が分かりやすい	10,000円以上 20,000円未満	20,000円以上 30,000円未満	20,000円以上 30,000円未満	2～5回目	インターネット・アプリ	金沢21世紀美術館		金沢21世紀美術館		10,000円以上 20,000円未満	とても満足	初体験だった	とても満足	体験の説明が親切	感じなかった		10		機会があれば行きたい	無し	男	1965	埼玉県	さいたま市	1,000万円以上 1,200万円未満	石川県のおすすめ観光スポットが見たい	満足	10	落ち着いた雰囲気が良い
金沢エリア	金沢駅	2025/09/06	同意する	2泊	2泊	金沢エリア  （湯涌温泉、深谷温泉、犀川温泉など）	石川県外には泊まらない	中学生以上連れの家族	地元の美味しいものを食べる, 名所、旧跡の観光, 買い物、アウトレット, まちあるき、都市散策	新幹線	路線バス, 徒歩	とても満足	バスが頻繁に出ているため	20,000円以上 30,000円未満	20,000円以上 30,000円未満	20,000円以上 30,000円未満	初めて	新聞・雑誌・ガイドブック, インターネット・アプリ	近江町市場		ひがし茶屋街		5,000円以上 10,000円未満	とても満足	着物レンタルをして茶屋街を散歩出来たこと	とても満足		感じた	夜のひがし茶屋街を散策しましたが、照明が少なく暗すぎて残念でした。せっかくの雰囲気を出すなら、三味線の音を流したりもっと照明を工夫して欲しいです。	8	看板が小さいためかお目当てのお店が見つからなかったので、どこかにマップがあると助かります。	機会があれば行きたい	特になし	女	1979	神奈川県	横浜市	500万円以上 600万円未満	景品が当たる, ひゃくまんさんが好き, 石川県のおすすめ観光スポットが見たい	とても満足	8	石浦神社のキャラクターきまちゃん！！お守り等どれも可愛いです
金沢エリア	金沢中央観光案内所	2025/09/06	同意する	1泊	1泊	金沢エリア  （湯涌温泉、深谷温泉、犀川温泉など）	石川県外には泊まらない	自分ひとり	スポーツ観戦や芸術鑑賞（コンサート等）	新幹線	徒歩			10,000円以上 20,000円未満	20,000円以上 30,000円未満	10,000円以上 20,000円未満	初めて	インターネット・アプリ	尾山神社		選択なし/該当施設なし	本多の森北電ホール	5,000円以上 10,000円未満	満足		満足	森の中にあり、街の喧騒から落ちつける	感じた	バス停から歩く	8		また行きたい（1年以内）	震災以降能登のお土産が減った	男	1962	栃木県	下都賀郡野木町	600万円以上 700万円未満	石川県のおすすめ観光スポットが見たい	とても満足	9	古い街と自然との共生が感じる
金沢エリア	石川県立歴史博物館	2025/09/06	同意する	2泊	2泊	金沢エリア  （湯涌温泉、深谷温泉、犀川温泉など）	石川県外には泊まらない	恋人	温泉や露天風呂, 地元の美味しいものを食べる, 名所、旧跡の観光	飛行機	路線バス	満足	近くにバス停がない	50,000円以上 100,000円未満	30,000円以上 40,000円未満	20,000円以上 30,000円未満	初めて	新聞・雑誌・ガイドブック	金沢21世紀美術館		選択なし/該当施設なし	小松空港	1,000円未満	とても満足	映像が多く、とてもわかりやすかった	満足	人が空いていて、回りやすいから	感じなかった		7	お土産が少ない	また行きたい（1年以内）	どのバスに乗れば、どこに行けるのかが分かりづらい	男	1998	東京都	江東区	500万円以上 600万円未満	景品が当たる	とても満足	10	お寿司屋さん
金沢エリア	兼六園	2025/09/06	同意する	4泊以上	3泊	金沢エリア  （湯涌温泉、深谷温泉、犀川温泉など）	富山県	小学生以下連れの家族	温泉や露天風呂, 地元の美味しいものを食べる, 名所、旧跡の観光	レンタカー	レンタカー	とても満足	快適だった	10,000円以上 20,000円未満	5,000円以上 10,000円未満	10,000円以上 20,000円未満	初めて	インターネット・アプリ	選択なし/該当施設なし	世界一長いベンチ	選択なし/該当施設なし		3,000円以上 5,000円未満	満足	もうちょっと違うジャンルのお土産が買いたかった	とても満足	一度は行ってみたかった兼六園に行けてよかった	感じた	18時近くになってしまうと入場できず、駐車場まで遠回りしないと行けなかった	8		また行きたい（1年以内）	もっと海産物のお土産の種類があったら良いなと思った	女	1990	千葉県	大網白里市	600万円以上 700万円未満	景品が当たる, ひゃくまんさんが好き, 石川県のおすすめ観光スポットが見たい, 石川県の雑学を知りたい	満足	8	海が綺麗だった。太平洋と違っていた
金沢エリア	石川県立歴史博物館	2025/09/06	同意する	3泊	2泊	金沢エリア  （湯涌温泉、深谷温泉、犀川温泉など）	富山県	職場の同僚	名所、旧跡の観光, まちあるき、都市散策, 出張など仕事関係	新幹線, 在来線	路線バス, 徒歩	どちらでもない	バスが分かりづらい。特に支払いが分かりづらい。	10,000円以上 20,000円未満	3,000円以上 5,000円未満	10,000円以上 20,000円未満	2～5回目	観光パンフレット・ポスター, インターネット・アプリ, 観光協会等の案内所	尾山神社		兼六園		1,000円未満	満足	ゆったりしてる	満足	ゆったりしてる	感じた	バスがあまりない	6		機会があれば行きたい	特になし	女	1985	東京都	板橋区	500万円以上 600万円未満	なんとなく	満足	8	レトロ建築見学ガイド
金沢エリア	トリフィートホテル&ポッド金沢百万石通	2025/09/06	同意する	3泊	3泊	金沢エリア  （湯涌温泉、深谷温泉、犀川温泉など）	石川県外には泊まらない	親	友人・親戚を訪ねる	新幹線	徒歩			20,000円以上 30,000円未満	5,000円以上 10,000円未満	20,000円以上 30,000円未満	11回目以上	Googlemap	選択なし/該当施設なし	紫雲閣	選択なし/該当施設なし	大野醤油蔵	3,000円以上 5,000円未満	満足	大浴場がある、部屋が広い	満足	きれい	感じなかった		7		機会があれば行きたい	古きよき街を歩く	女	1977	神奈川県	横浜市	500万円以上 600万円未満	景品が当たる	満足	8	街歩き
金沢エリア	金沢駅	2025/09/07	同意する	2泊	1泊	能登エリア （和倉温泉、七尾市、輪島市、珠洲市など）	福井県	親	地元の美味しいものを食べる, 名所、旧跡の観光	自家用車	自家用車			10,000円以上 20,000円未満	10,000円以上 20,000円未満	10,000円以上 20,000円未満	初めて	観光パンフレット・ポスター	選択なし/該当施設なし		尾山神社	金沢城	1,000円未満	とても満足	美味しそうなものがあった	とても満足	広くて綺麗	感じなかった		6		機会があれば行きたい	えび	女	1986	京都府	向日市	400万円以上 500万円未満	景品が当たる, ひゃくまんさんが好き, 石川県のおすすめ観光スポットが見たい	とても満足	8	
金沢エリア	金沢城公園	2025/09/07	同意する	3泊	3泊	金沢エリア  （湯涌温泉、深谷温泉、犀川温泉など）	石川県外には泊まらない	自分ひとり	温泉や露天風呂, 地元の美味しいものを食べる, 名所、旧跡の観光, まちあるき、都市散策	新幹線	路線バス	満足	目的地近くにバス停がある。金沢駅で行き先などの確認をしたら、丁寧に教えてくれた。	30,000円以上 40,000円未満	30,000円以上 40,000円未満	30,000円以上 40,000円未満	2～5回目	新聞・雑誌・ガイドブック, インターネット・アプリ	兼六園		金沢21世紀美術館		1,000円未満	とても満足	美しい景観。ガイドもしてもらえた。	とても満足	美しい景観	感じた	飲み物の販売場所が少ない	10	飲食できる場所が少ない	機会があれば行きたい	美味しい料理がある	女	1972	東京都	調布市	600万円以上 700万円未満	景品が当たる	とても満足	10	兼六園が美しくて良かった
金沢エリア	安江金箔工芸館	2025/09/07	同意する	1泊	石川県内には宿泊しない	金沢エリア  （湯涌温泉、深谷温泉、犀川温泉など）	石川県外には泊まらない	団体旅行	復興支援の旅	自家用車, 新幹線	タクシー	満足	待ち時間なし	10,000円以上 20,000円未満	50,000円以上 100,000円未満	20,000円以上 30,000円未満	初めて	新聞・雑誌・ガイドブック, 観光パンフレット・ポスター, インターネット・アプリ, タクシードライバーや地元の人	金沢21世紀美術館		ひがし茶屋街		1,000円未満	満足	歴史を知ることができた	満足	思っていたより充実していた	感じなかった		5	素晴らしい展示内容だった	機会があれば行きたい	海鮮、街並み	女	1973	宮城県	栗原市	1,200万円以上 1,500万円未満	景品が当たる	満足	8	
金沢エリア	金沢中央観光案内所	2025/09/07	同意する	3泊	3泊	加賀エリア （山代温泉、山中温泉、片山津温泉、粟津温泉、辰口温泉、加賀市、小松市など）	石川県外には泊まらない	友人	宿でのんびり過ごす, 温泉や露天風呂	新幹線	路線バス	満足	バスの本数が多いから	50,000円以上 100,000円未満	40,000円以上 50,000円未満	30,000円以上 40,000円未満	2～5回目	インターネット・アプリ, Instagram	金沢21世紀美術館		近江町市場		3,000円以上 5,000円未満	満足	綺麗	満足	どこも綺麗	感じなかった		8		また行きたい（1年以内）	食事の味付けは少し会わなかった	女	1971	東京都	大田区	1,500万円以上	景品が当たる	満足	8	歴史を感じられる
金沢エリア	金沢駅	2025/09/07	同意する	2泊	2泊	金沢エリア  （湯涌温泉、深谷温泉、犀川温泉など）	石川県外には泊まらない	親	宿でのんびり過ごす, 地元の美味しいものを食べる, 名所、旧跡の観光, まちあるき、都市散策	新幹線	路線バス	満足	バスのちょっとわかりにくいがまあ満足	10,000円以上 20,000円未満	3,000円以上 5,000円未満	20,000円以上 30,000円未満	初めて	観光パンフレット・ポスター, インターネット・アプリ, Instagram, 観光協会等の案内所, タクシードライバーや地元の人	近江町市場		選択なし/該当施設なし		3,000円以上 5,000円未満	満足		満足		感じなかった		8		機会があれば行きたい	寺、自然など、自然を感じながらその歴史を楽しめる場所	女	2003	東京都	板橋区	100万円未満	景品が当たる, とても楽しく金沢を過ごせたため。	とても満足	10	妙立寺、お寺の仕掛けを施設の方から詳しく説明していただいたので、とても楽しめたため slowluck、とても美味しい料理をいただけた。 永平寺、自然とお寺の融合がとても綺麗でした
金沢エリア	金沢駅	2025/09/07	同意する	2泊	2泊	金沢エリア  （湯涌温泉、深谷温泉、犀川温泉など）	石川県外には泊まらない	娘と	地元の美味しいものを食べる, 名所、旧跡の観光	新幹線	タクシー, 路線バス	満足	バスがたくさん出ていて移動しやすい	10,000円以上 20,000円未満	3,000円以上 5,000円未満	20,000円以上 30,000円未満	初めて	インターネット・アプリ, Instagram, 観光協会等の案内所, タクシードライバーや地元の人	近江町市場		選択なし/該当施設なし		1,000円以上 3,000円未満	満足		満足	資料があってわかりやすいが、困っているときにだれに聞いていいかわからない	感じなかった		10	名所、食べ物、土産、全て良い	また行きたい（1年以内）	おしゃれかわいいカフェ、レストランや隙間時間にできるアクティビティ、牛肉食べられる店	女	1978	東京都	板橋区	300万円以上 400万円未満	景品が当たる	とても満足	10	 兼六園で案内をしてくれた優しい現地の方、食べもの、彩の庭ホテル、お寺、日帰りバスツアーなど全て
金沢エリア	金沢港クルーズターミナル	2025/09/07	同意する	1泊	1泊	金沢エリア  （湯涌温泉、深谷温泉、犀川温泉など）	石川県外には泊まらない	家族、親族	まちあるき、都市散策	自家用車, 新幹線	自家用車, 在来線	満足	町並みが綺麗、施設が綺麗	10,000円以上 20,000円未満	10,000円以上 20,000円未満	5,000円以上 10,000円未満	2～5回目	インターネット・アプリ	ひがし茶屋街		兼六園		1,000円以上 3,000円未満	満足	楽しい雰囲気	満足	施設が綺麗	感じなかった		2		機会があれば行きたい	輪島の食べ物、ノベルティ	男	1963	滋賀県	彦根市	600万円以上 700万円未満	景品が当たる	満足	3	街並みの綺麗さ。
金沢エリア	妙立寺	2025/09/08	同意する	2泊	2泊	金沢エリア  （湯涌温泉、深谷温泉、犀川温泉など）	石川県外には泊まらない	親	地元の美味しいものを食べる, 名所、旧跡の観光, まちあるき、都市散策	自家用車	路線バス			5,000円以上 10,000円未満	1,000円未満	5,000円以上 10,000円未満	初めて	Instagram	兼六園		選択なし/該当施設なし	妙隆寺	3,000円以上 5,000円未満	とても満足	丁寧な説明だった	とても満足	造りに感動した	感じなかった		9		機会があれば行きたい	特になし	無回答	2005	神奈川県	相模原市	300万円以上 400万円未満	景品が当たる, なんとなく	満足	8	
金沢エリア	石川県観光物産館	2025/09/08	同意する	3泊	3泊	加賀エリア （山代温泉、山中温泉、片山津温泉、粟津温泉、辰口温泉、加賀市、小松市など）	石川県外には泊まらない	中学生以上連れの家族	花見や紅葉などの自然鑑賞	新幹線	在来線	とても満足	とても乗りやすかった、乗り換えがわかりやすい	20,000円以上 30,000円未満	20,000円以上 30,000円未満	10,000円以上 20,000円未満	2～5回目	観光連盟やDMOのHP	近江町市場		尾山神社		5,000円以上 10,000円未満	とても満足	とてもおしゃれでインスタ映えするから	とても満足	Wi-Fiや冷房があり、快適に過ごせたから	感じなかった		10	いろいろなアニメキャラとのコラボが実現して、金沢の〇〇みたいなぬいぐるみがあったらいいと思う	また行きたい（1年以内）	トンボがあまりに多かったので、外観を損なわない程度に駆除をした方がいいと思います。	女	2000	東京都	中央区	100万円未満	景品が当たる, ひゃくまんさんが好き	とても満足	10	ひがし茶屋街は江戸時代らしさを表現していていておしゃれだった。
金沢エリア	金沢城公園	2025/09/08	同意する	2泊	石川県内には宿泊しない	石川県内には宿泊しない	富山県	夫婦2人	名所、旧跡の観光	自家用車	自家用車			使わない	1,000円以上 3,000円未満	1,000円未満	2～5回目	インターネット・アプリ	選択なし/該当施設なし		選択なし/該当施設なし		1,000円未満	満足	ところどころ、暑さを凌げる場所があってよかった	満足	人が多すぎず、よかった	感じなかった		8	特に欲しいものはなかった	機会があれば行きたい	暑すぎて、カレーを食べる気持ちにならなかった。夏以外に訪れて、カレーを食べたい	女	1968	京都府	木津川市	100万円以上 200万円未満	景品が当たる	満足	8	観光地が多い。でも歩き回るなら、夏以外がおすすめ。
金沢エリア	兼六駐車場	2025/09/08	同意する	1泊	1泊	金沢エリア  （湯涌温泉、深谷温泉、犀川温泉など）	石川県外には泊まらない	親	地元の美味しいものを食べる, 名所、旧跡の観光	自家用車	自家用車			5,000円以上 10,000円未満	5,000円以上 10,000円未満	50,000円以上 100,000円未満	初めて	インターネット・アプリ	兼六園		金沢21世紀美術館		1,000円未満	満足	特になし	満足	特になし	感じなかった		8		機会があれば行きたい	特になし	女	2006	京都府	京都市	100万円未満	景品が当たる	とても満足	9	美味しいものがたくさんあるから
金沢エリア	城下まち金沢周遊バス	2025/09/08	同意する	2泊	2泊	金沢エリア  （湯涌温泉、深谷温泉、犀川温泉など）	石川県外には泊まらない	夫婦2人	名所、旧跡の観光	新幹線	新幹線	満足	駅直結だから	5,000円以上 10,000円未満	10,000円以上 20,000円未満	20,000円以上 30,000円未満	初めて	YouTube  金沢の宿　花明かり	選択なし/該当施設なし	金沢駅あんと	金沢21世紀美術館		1,000円以上 3,000円未満	とても満足	バス1日乗車券が助かりました	とても不満	直感的でない。	感じた	城下まち金沢周遊バスのルート表示がわかりにくく、左方面に行きたいのに地面には右回り（オレンジ）、右方面に行きたいのに地面には左回り（緑）と表示されていて、初めて利用する人には迷いやすかったです。	4	案内地図も多く、金沢駅の位置が上になったり下になったりと統一されておらず、かえってわかりにくく感じました。	あまり行きたいと思わない	特になしなし	女	1976	神奈川県	横浜市	1,200万円以上 1,500万円未満	景品が当たる	どちらでもない	5	バスがすぐ来る
金沢エリア	金沢中央観光案内所	2025/09/08	同意する	3泊	1泊	加賀エリア （山代温泉、山中温泉、片山津温泉、粟津温泉、辰口温泉、加賀市、小松市など）	福井県	夫婦2人	温泉や露天風呂, 地元の美味しいものを食べる	自家用車	自家用車			10,000円以上 20,000円未満	1,000円以上 3,000円未満	5,000円以上 10,000円未満	11回目以上	インターネット・アプリ, Instagram	選択なし/該当施設なし	武家屋敷	選択なし/該当施設なし	レストラン	10,000円以上 20,000円未満	満足	ゆっくり休め、情報を得られた	満足		感じなかった		8		機会があれば行きたい	釣りをしたい	男	1964	福井県	大野市	400万円以上 500万円未満	景品が当たる	満足	8	
金沢エリア	金沢中央観光案内所	2025/09/08	同意する	1泊	1泊	金沢エリア  （湯涌温泉、深谷温泉、犀川温泉など）	岐阜県	小学生以下連れの家族	名所、旧跡の観光	自家用車	自家用車	とても満足		10,000円以上 20,000円未満	5,000円以上 10,000円未満	5,000円以上 10,000円未満	2～5回目	観光パンフレット・ポスター, インターネット・アプリ, 友人・知人	兼六園		ひがし茶屋街		3,000円以上 5,000円未満	満足	パンフレットによく載っている場所に行けたのでテンションがあがりました。	とても満足	食べ物がどこも美味しかったです。	感じなかった		5		機会があれば行きたい	特になし	女	1973	大阪府	泉佐野市	600万円以上 700万円未満	ひゃくまんさん折り紙の作り方を見ようと思ったらここに飛びました	とても満足	8	