施設名	ps1_同伴者	ps1_年代	ps1_地方	ps1_年収	ps1_カウント	ps2_同伴者	ps2_年代	ps2_地方	ps2_年収	ps2_カウント	ps3_同伴者	ps3_年代	ps3_地方	ps3_年収	ps3_カウント	facility	AIアドバイス
KOKOHOTEL Premier 金沢香林坊	2人組	若年層	関東	400～700万円未満	19	2人組	中年層	関東	1,000万円以上	14	2人組	高齢層	中部	400万円未満	13	KOKOHOTEL Premier 金沢香林坊	"1. 評価ポイント・改善ポイント
手入れが行き届いていて、とても綺麗な施設にゃ。また、ラウンジサービスが充実しており、リラックスできる空間がある点が高評価にゃ。若年層や中年層に特化した情報発信ができると更に良いと感じるにゃ。

2. 即応策
短期（2〜4週間以内）：
- SNSや公式サイトで、若年層や中年層向けの特別キャンペーンやイベント情報を発信するにゃ。
- ラウンジメニューに季節限定のスイーツやドリンクを追加するにゃ。

中期（半年以内）：
- 若年層や中年層向けに、ラウンジでのワークショップやイベントを企画し、集客を図るにゃ。
- 施設内での写真スポットを増やし、SNS映えする場所を提供するにゃ。

3. 期待効果
SNS発信による認知度向上と来館者の増加が期待でき、満足度や再訪率の向上につながるにゃ。

4. SNS発信用キャッチコピー例
若年層：友達と一緒に、思い出を作る場所！
中年層：大人の贅沢を、ラウンジで堪能しよう。
高齢層：穏やかなひとときを、自然と共に感じて。

5. 追加の収益施策アイデア
- オリジナル商品やお土産の販売を強化し、訪問者が持ち帰りたくなるアイテムを展開するにゃ。
- ラウンジ内での軽食やドリンクに、新たなメニューを追加し、販売促進を図るにゃ。"
「安宅の関」こまつ勧進帳の里	2人組	中年層	中部	400万円未満	5	2人組	若年層	中部	400万円未満	4	2人組	高齢層	中部	400～700万円未満	2	「安宅の関」こまつ勧進帳の里	"1. 評価ポイント・改善ポイント
お客様の対応に対する評価が高く、施設の雰囲気も良い点が好評です。ただし、高齢者や障がい者への配慮が不足しており、バリアフリー化を進める必要がありますにゃ。

2. 即応策
短期的には、施設内のバリアフリー対応を強化するため、すぐに使えるスロープや手すりを設置し、温泉へのアクセスを改善するにゃ。中期的には、トイレや休憩スペースの改装を計画し、高齢者や障がい者がより快適に利用できるようにするにゃ。

3. 期待効果
改善後には高齢者や障がい者の満足度が向上し、再訪率が高まることが期待できるにゃ。また、観光施設全体の評判が上がることで、口コミやSNSでの紹介が増えるにゃ。

4. SNS発信用キャッチコピー例
高齢者層：安心して楽しめる温泉、心温まるおもてなし♪
若年層：雨の日でも楽しめる観光スポット、仲間と一緒にぜひにゃ！
中年層：お母さんと一緒にゆったり過ごせる、心癒される旅を。

5. 追加の収益施策アイデア
バリアフリー施設の整備に合わせて、高齢者向けの特別プランを作成し、温泉の利用や食事をセットにしたパッケージを提供するにゃ。さらに、アクティビティを提供することで、地元の観光資源を活用した体験プログラムを企画し、収益増を狙うにゃ。"
いしかわ動物園	家族連れ	中年層	中部	400～700万円未満	29	家族連れ	若年層	中部	700～1,000万円未満	26	2人組	若年層	中部	400万円未満	10	いしかわ動物園	"1. 評価ポイント・改善ポイント  
スタッフが創意工夫を凝らしており、清潔な施設やサービスの質が高いと好評にゃ。また、動物観察やレストランのメニューも楽しめる点が魅力だが、売店のスペースが小さいことが改善点にゃ。  

2. 即応策  
短期的には、売店の商品の種類を増やし、人気商品（お土産など）の目立つディスプレイを行うにゃ。中期的には、売店の拡張を検討し、来場者のニーズに合わせた商品ラインを充実させるにゃ。  

3. 期待効果  
これにより、売店の売上向上が見込まれ、全体の満足度が向上することで再訪率も高まるにゃ。  

4. SNS発信用キャッチコピー例  
家族連れ（中年層）：親子で特別な思い出を！心温まる体験が待っている。  
家族連れ（若年層）：子供も大満足！楽しい思い出がいっぱい！  
若年層（2人組）：二人の距離が近づく、動物たちとのふれあい体験。  

5. 追加の収益施策アイデア  
家族向けワークショップや特別イベントを開催し、参加費を設定するにゃ。また、アニマルフォトセッションをオプションとして提供することで、思い出を売る新たな収入源にするにゃ。"
お花見久兵衛	2人組	高齢層	中部	400～700万円未満	3	友人	中年層	近畿	400万円未満	3	家族連れ	中年層	中部	400～700万円未満	3	お花見久兵衛	"1. 評価ポイント・改善ポイント
この観光施設は訪問者の満足度が高く、特に高齢層の来訪者から好評を得ている点が素晴らしいにゃ。しかし、全体的に集客力が低下しており、特に中年層の家族連れに向けた受付・案内サービスの向上が必要にゃ。

2. 即応策（低コストでできる具体的な行動）
短期（2〜4週間以内）：
- 受付での笑顔の接客研修を実施し、よりフレンドリーな雰囲気を提供するにゃ。
- SNSや地域新聞で口コミキャンペーンを展開し、来訪者の体験談をシェアしてもらうよう促すにゃ。

中期（半年以内）：
- 中年層家庭向けの特別割引パッケージを作成し、ファミリー層の集客を強化するにゃ。
- 定期的なイベントやワークショップを開催し、家族連れの参加機会を増やすにゃ。

3. 期待効果
訪問者の満足度向上につながり、再訪率の増加が見込まれるにゃ。また、口コミによる集客効果により、新しいお客さまを引き込むチャンスが広がるにゃ。

4. SNS発信用キャッチコピー例
- 高齢層2人組：人生の素敵な思い出を作る場所に、ぜひ訪れてください。
- 中年層友人：友達と一緒に楽しむ、非日常のひとときを。
- 中年層家族連れ：家族みんなで楽しむ、特別な日のお得なプランをご用意しています。

5. 追加の収益施策アイデア
- 地域の特産品を使った「体験型ワークショップ」を開催し、参加費用を設定するにゃ。
- オンラインショップを開設し、施設で販売しているお土産や関連商品をネットで販売するにゃ。"
からくり記念館	家族連れ	中年層	中部	400～700万円未満	3	2人組	若年層	中部	1,000万円以上	2	2人組	高齢層	近畿	1,000万円以上	1	からくり記念館	"1. 評価ポイント・改善ポイント
施設の立地やアクセスが非常に良く、家族連れやカップルに受け入れられている点は素晴らしいにゃ。ただ、若年層や高齢層の2人組向けの楽しみ方が不足しているため、特別なアクティビティやサービスの充実が求められるにゃ。

2. 即応策
短期的には、家族向けのイベントやアクティビティを増やすことが効果的にゃ。中期的には、若年層向けのSNSキャンペーンを展開し、高齢者向けにバリアフリーやサポートサービスを充実させるにゃ。

3. 期待効果
これにより、満足度が向上し、再訪率が増えることで、集客力が向上するにゃ。特にファミリー層の口コミによる新規顧客獲得が期待できるにゃ。

4. SNS発信用キャッチコピー例
ペルソナ名称1（家族連れ）：家族みんなが楽しめる、特別な一日を過ごそう！
ペルソナ名称2（若年層）：友達と一緒に、ワクワクする体験をシェアしよう！
ペルソナ名称3（高齢層）：ゆっくりとした時間を楽しむ、心温まるひとときを。

5. 追加の収益施策アイデア
特別体験パッケージとして、地域の文化や特産品を活かしたワークショップや体験イベントを提供することで、追加の利益を得るにゃ。また、施設内のカフェやショップと共同でコラボメニューを展開してアップセルを図るのも良いにゃ。"
たちばな四季亭	2人組	高齢層	中部	400～700万円未満	7	2人組	中年層	中部	1,000万円以上	6	2人組	若年層	中部	400万円未満	5	たちばな四季亭	"1. 評価ポイント・改善ポイント  
接客がとても良く、心地よい体験を提供できている点は素晴らしいにゃ。一方で、設備の不備や点検不足が残念な印象を与えており、改善が求められるにゃ。

2. 即応策（低コストでできる具体的な行動）  
短期：設備の点検リストを作成し、チェックリストに基づいてスタッフで点検を行うにゃ。問題が見つかれば即時修繕に取り組むにゃ。  
中期：定期的な設備メンテナンスのスケジュールを立て、外部業者による評価も含めてしっかりと管理するにゃ。

3. 期待効果（満足度・再訪率など）  
設備面の不備を解消することで、口コミの好感度が上がり、再訪率向上が期待できるにゃ。また、リピーターが増え、顧客満足度も高まっていくにゃ。

4. SNS発信用キャッチコピー例  
高齢層：温かい接客と満足感のひとときをお届けします。  
中年層：家族で楽しめる思い出を、一緒に創ろう。  
若年層：友達と一緒に楽しむ、新しい発見が待っている！

5. 追加の収益施策アイデア  
施設内でのイベントやワークショップを定期的に開催し、参加費を設定することで収益を増加させる施策が考えられるにゃ。また、グッズ販売や飲食メニューの拡充も収益化につながるにゃ。"
のとじま水族館	家族連れ	若年層	中部	400～700万円未満	25	2人組	若年層	中部	400万円未満	20	家族連れ	中年層	中部	400～700万円未満	15	のとじま水族館	"1. 評価ポイント・改善ポイント
この施設の展示物や体験には高い評価が寄せられており、特に店員の接客態度が好評にゃ。また、近隣からアクセスしやすいため、訪れるハードルが低いこともプラスの要素といえるにゃ。一方で、案内板や情報提供の不足が目立つため、改善が必要にゃ。

2. 即応策
（短期：2〜4週間以内）施設内の案内掲示やパンフレットを見直し、重要なエリアや展示物の情報を強調するにゃ。また、QRコードを設置してオンライン情報に簡単にアクセス可能にするにゃ。
（中期：半年以内）スタッフによる定期的な研修を実施し、接客スキルや情報提供の質を向上させるにゃ。説明や魅力的なストーリーを盛り込んだガイドツアーも検討するにゃ。

3. 期待効果
情報提供の質が向上することで訪問者の満足度が上がり、再訪率が向上するにゃ。また、家族連れの再訪が期待できるため、年パスの販売増加にも寄与することが見込まれるにゃ。

4. SNS発信用キャッチコピー例
家族連れ：親子で楽しむ不思議な世界。思い出作りはここからスタート！
若年層2人組：友達と一緒に新しい冒険を体験しよう。楽しい時間をシェアしよう！
中年層家族連れ：家族みんなで過ごす特別な日。心温まるひとときを！

5. 追加の収益施策アイデア
特定の曜日や時間帯に割引や特典を提供する「ファミリーDAY」や「カップルDAY」を設定し、来場者数を増加させるにゃ。また、施設内での特別イベントやワークショップを開催し、参加者からの受講料を収益源とするにゃ。"
のと里山空港	2人組	中年層	関東	1,000万円以上	4	ひとり	高齢層	関東	400～700万円未満	4	2人組	若年層	関東	700～1,000万円未満	3	のと里山空港	"1. 評価ポイント・改善ポイント
   施設全体としてお土産の品揃えやレストランの営業が好評であり、特に美味しい料理や多様なお土産が満足度を上げているにゃ。しかし、保安検査場通過後に店舗が不足しているとの指摘があり、空港利用者の利便性を高める改善が必要にゃ。

2. 即応策
   短期的には、保安検査場を通った後に小規模な売店を設置し、人気のお土産や軽食、飲み物を販売することにゃ。中期としては、箱入りのお土産を取り扱う和平商店とのコラボレーションを進めてお土産のバリエーションを増やすことにゃ。

3. 期待効果
   これらの改善により、訪問者はより満足度が高まり、再訪率の向上が期待できるにゃ。また、新しい売店により、追加での売上も見込まれるにゃ。

4. SNS発信用キャッチコピー例
   - 中年層・2人組：美味しい思い出が詰まった空港、旅の最後を素敵に彩ります！
   - 若年層・2人組：友達とのひと時、美味しいお土産とともに特別な旅を！
   - 高齢層・ひとり：大切な思い出を、心温まる美食で仕上げる旅をお楽しみください！

5. 追加の収益施策アイデア
   お土産購入時にポイント制度を導入し、次回訪問時に使える割引を提供することで、リピーターを増やす戦略が有効にゃ。また、カスタムパッケージの提供（例えば、いか煎餅や地元特産品を組み合わせたお土産セット）なども効果的にゃ。"
ひがし茶屋休憩館	2人組	若年層	関東	400～700万円未満	7	友人	中年層	中部	400～700万円未満	3	2人組	中年層	関東	1,000万円以上	2	ひがし茶屋休憩館	"1. 評価ポイント・改善ポイント  
見応えのある展示が高く評価されていますが、訪問者数の増加が課題にゃ。特に若年層をターゲットにしたプロモーションが不足しているため、集客力を強化する必要があるにゃ。

2. 即応策（低コストでできる具体的な行動）  
SNSで若年層をターゲットにしたコンテンツを投稿し、インフルエンサーとのコラボイベントを企画するにゃ。友人や家族を誘って来場した場合の特典を設けるのも良いにゃ。

3. 期待効果  
SNSでの拡散によって若年層の満足度が向上し、再訪率が増加することが期待できるにゃ。また、友人や家族を誘うことで新たな顧客層の開拓にもつながるにゃ。

4. SNS発信用キャッチコピー例  
- 若年層（2人組）：友達を連れて、思い出作りに来てにゃ！  
- 中年層（友人）：あの時、あの場所で…一緒に語り合う特別な時間をどうぞにゃ！  
- 中年層（2人組）：贅沢なひとときを、二人で楽しむ旅へ出発にゃ！

5. 追加の収益施策アイデア  
オリジナル商品や体験型ワークショップを開催し、訪問者に購入を促す機会を増やすにゃ。また、イベントや季節ごとの特別企画を設けて、その参加費を収益源とするのも効果的にゃ。"
ふれあい昆虫館	家族連れ	若年層	中部	400～700万円未満	76	家族連れ	中年層	中部	400～700万円未満	48	2人組	若年層	中部	400万円未満	11	ふれあい昆虫館	"1. 評価ポイント・改善ポイント
施設の充実度が高く、昆虫との触れ合いや展示が特に評価されています。また、スタッフのフレンドリーな対応も好評にゃ。しかし、まだ集客の面で活性化が必要にゃ。この点を改善し、地域での知名度を上げることが重要にゃ。

2. 即応策
短期：SNSや地域の掲示板を活用して、昆虫イベントや特別展示の告知を行うにゃ。また、入館者にお得なクーポンを配布して、友人と来館できるよう促すにゃ。
中期：地域の学校や団体と提携し、特別な子ども教育プログラムを実施するにゃ。これにより、学校単位での訪問が期待できるにゃ。

3. 期待効果
短期的には、SNS普及による来館者増加が見込まれるにゃ。また、クーポン配布により再訪率が上昇し、地域での口コミも活性化するにゃ。中期的には、教育プログラムを通じて同伴者が増加し、リピーターの獲得が期待できるにゃ。

4. SNS発信用キャッチコピー例
家族連れ（若年層）：『昆虫の世界で笑顔が広がる！親子で楽しむふれあい体験』
家族連れ（中年層）：『家族で感動の瞬間を！昆虫とのふれあいが待っている』
2人組（若年層）：『友達と一緒に、昆虫の冒険に出かけよう！新しい発見がいっぱい』

5. 追加の収益施策アイデア
昆虫カフェを開設し、昆虫や自然をテーマにした軽食やデザートを販売するにゃ。また、昆虫に関するワークショップやイベントごとの特別パッケージを用意し、参加費用を設定することで、体験型の収益源を増やすにゃ。"
ゆのくに天祥	家族連れ	中年層	近畿	700～1,000万円未満	4	2人組	若年層	関東	400～700万円未満	2	その他	中年層	関東	400～700万円未満	2	ゆのくに天祥	"1. 評価ポイント・改善ポイント  
温泉や料理のクオリティ、スタッフの丁寧な接客に高い評価が寄せられていますが、一方で食事担当者の無愛想な態度や体験待ち時間に関する不満が見受けられます。このため、接客の一貫性と体験の流れを改善する必要がありますにゃ。

2. 即応策  
短期（2〜4週間以内）: 全スタッフに接客トレーニングを実施し、特に食事担当者の接客態度を改善する。体験待ちの状況をリアルタイムで把握できる掲示を導入し、待ち時間を明示する。  
中期（半年以内）: 体験プログラムへの参加人数を制限し、プログラムがスムーズに進むようにする。また、待機中の顧客に対して無料飲み物の提供やお菓子のサービスを行う。

3. 期待効果  
接客態度の改善により顧客満足度が向上し、リピーターが増えることが期待できます。また、体験待ちのストレスが和らぐことで、再訪する意向が高まると思われますにゃ。

4. SNS発信用キャッチコピー例  
家族連れ：大自然とともに、家族で楽しむ癒しのひととき。  
若年層：友達と一緒に、心温まる温泉体験をシェアしよう！  
その他：日常から離れて、特別な時間を過ごしませんか？

5. 追加の収益施策アイデア  
特別な体験プログラムを提供し、季節ごとに異なるテーマ（例：夏の夜の星空観賞、冬の温泉まんじゅう作り体験）を設定します。このプログラムの参加費用を収益源とし、SNSなどで広報し、新たな集客につなげる施策ですにゃ。"
よしのや依緑園	ひとり	中年層	近畿	700～1,000万円未満	5	2人組	中年層	中部	700～1,000万円未満	3	2人組	高齢層	中部	400～700万円未満	3	よしのや依緑園	"1. 評価ポイント・改善ポイント（2〜3行）
観光施設は一部の口コミで高評価を得ており、特に立地やアクセスが好評にゃ。しかし、メニューの幅やアクティビティの選択肢に欠けがあるため、リピーターの獲得が難しいにゃ。さらに、中高年層向けのサービスに特化した展開が求められているにゃ。

2. 即応策（低コストでできる具体的な行動）
短期（2〜4週間以内）:
- メニューを見直し、中高年層向けのヘルシーなプランを追加するにゃ。
- SNSを通じて対象ペルソナに向けて特別イベントを告知し、参加者を募るにゃ。

中期（半年以内）:
- 地域の特産品を活用したアクティビティを導入し、体験型プログラムを準備するにゃ。
- 定期的な顧客アンケートを実施し、ニーズに合ったサービスの向上に努めるにゃ。

3. 期待効果（満足度・再訪率など）
新しいメニューやイベントにより、地域の中高年層からの満足度が向上し、再訪率が上がることが期待できるにゃ。SNSでの発信によって若年層からの集客も見込め、施設全体の活性化が期待できるにゃ。

4. SNS発信用キャッチコピー例
ペルソナ名称1：ひとり旅を楽しむ中年層に向けて
- 「心の癒し、ひとりの時間をこの場所で。」

ペルソナ名称2：仲良し二人組の中年層に向けて
- 「大切な友と過ごす、特別なひととき。」

ペルソナ名称3：高齢層の二人組に向けて
- 「思い出を重ねる、素敵な日々を共に。」

5. 追加の収益施策アイデア
- 地域の特産品を利用したオンラインショップを開設し、訪問客だけでなくオンライン購入者にも販売するにゃ。
- ワークショップやセミナーを開催し、施設利用者が参加できるプログラムを提供することで、入場料プラスアルファの収益を狙うにゃ。"
アパホテル〈金沢駅前〉	ひとり	中年層	中部	400～700万円未満	2	ひとり	若年層	関東	400万円未満	2	2人組	若年層	中部	400～700万円未満	1	アパホテル〈金沢駅前〉	"1. 評価ポイント・改善ポイント  
施設の清潔感やアクセスの良さが高く評価されているにゃ。ただし、若年層向けのアクティビティやプロモーションが不足しており、再訪率が低下している点が改善ポイントにゃ。

2. 即応策  
【短期策】SNSを活用した若年層向けのキャンペーンを実施し、インスタグラムやTikTokでの特別イベントや割引をアピールするにゃ。  
【中期策】「ひとり」での訪問を促進するための、リラクゼーションスペースやフォトスポットを充実させるにゃ。

3. 期待効果  
期待される効果として、SNSキャンペーンにより若年層の来場が増加し、再訪率の向上につながるにゃ。また、新たな施設の魅力が広まり、多様な客層の獲得も期待できるにゃ。

4. SNS発信用キャッチコピー例  
ペルソナ名称1：中部の中年ひとり旅者「ひとりの時間を、特別な場所で。」  
ペルソナ名称2：関東の若年ひとり「新しい発見が待ってる、ひとり旅！」  
ペルソナ名称3：中部の若年2人組「友達と思い出を作る、最高の場所。」  

5. 追加の収益施策アイデア  
特別な体験型イベントの開催や、地域のクラフトや食材を有効活用した物販コーナーを設けることで、新たな収益源を確保するにゃ。特に、期間限定の商品やワークショップは話題性が高まり、集客につながるにゃ。"
コスモアイル羽咋	家族連れ	中年層	中部	700～1,000万円未満	4	2人組	若年層	中部	1,000万円以上	2	2人組	高齢層	中部	400～700万円未満	1	コスモアイル羽咋	"1. 評価ポイント・改善ポイント（2〜3行）
多様な宇宙関連商品や丁寧なスタッフの対応が高評価を得ているにゃ。お土産の種類は充実しているものの、特に幅広い年齢層向けの品揃えが求められているので、商品の多様化が急務にゃ。

2. 即応策（低コストでできる具体的な行動）
短期的には、既存の商品ラインナップの見直しを実施し、特に子供向けや高齢者向けのユニークなお菓子やお土産の導入を検討するにゃ。例えば、地元の名産を使ったスナックや、宇宙をテーマにしたかわいいお菓子を追加することが考えられるにゃ。

3. 期待効果（満足度・再訪率など）
多様なお土産やお菓子が増えることで、客層の満足度が向上し、特に若年層や家族連れの再訪率が高まると期待されるにゃ。また、口コミ効果で新規顧客の獲得にも繋がるにゃ。

4. SNS発信用キャッチコピー例
ペルソナ名称1（家族連れ）：家族での思い出に、宇宙の楽しさを体験しよう！ 
ペルソナ名称2（若年層）：友達との宇宙探検、あなたのヒーローになれる場所！ 
ペルソナ名称3（高齢層）：思い出の旅にぴったり、宇宙の魅力を再発見しよう！

5. 追加の収益施策アイデア
中期的に、宇宙に関するワークショップやセミナーを定期的に開催し、その参加費を収益の一部とするにゃ。また、特定の人気商品をSNSで事前予約販売することで、オンライン販売の強化を図ることができるにゃ。"
スーパーホテルPremier金沢駅東口	2人組	若年層	関東	400～700万円未満	5	2人組	中年層	中部	700～1,000万円未満	3	ひとり	中年層	近畿	400～700万円未満	2	スーパーホテルPremier金沢駅東口	"1. 評価ポイント・改善ポイント
接遇が丁寧で、ベッドの寝心地や食事の美味しさが高く評価されているにゃ。これらの良い点をさらに強化し、リピーターを増やす施策が求められるにゃ。

2. 即応策
短期的には、接遇のトレーニングを社員全体で実施し、より一層のサービス向上を図るにゃ。また、定期的に満足度調査を行い、客のフィードバックを迅速に反映させるにゃ。

3. 期待効果
接遇の質向上により、顧客満足度が高まり、再訪率が増加するうえ、口コミも促進されるにゃ。

4. SNS発信用キャッチコピー例
- 若年層2人組：友達と過ごす最高の癒やし空間、体験してみて！
- 中年層2人組：大切なひととのひとときを、贅沢なひとときで彩ろう。
- 中年層ひとり：心のこもったおもてなしで、あなただけの特別な時間を。

5. 追加の収益施策アイデア
地元の特産品を使った「食」をテーマにしたパッケージプランを提供し、宿泊プランに組み込むことで新たな収益源を創出するにゃ。観光スポットを巡るガイドツアーを組んだパッケージプランも効果的にゃ。"
スーパーホテル石川・能美根上スマートインター	2人組	中年層	中部	400～700万円未満	3	2人組	若年層	中部	400～700万円未満	2	その他	高齢層	近畿	400万円未満	2	スーパーホテル石川・能美根上スマートインター	"1. 評価ポイント・改善ポイント  
観光施設は、特に中年層や若年層からの評価が高く、魅力的なアトラクションや設備が揃っているにゃ。しかし、全体的な訪問者数を増やすためには、高齢層向けのサービスやプロモーションを改善する必要があるにゃ。

2. 即応策（低コストでできる具体的な行動）  
短期：高齢層向けの特典を提供するキャンペーンを実施し、シニアパスを設定するにゃ。  
中期：高齢層向けの情報を含むチラシを作成し、地元の医療機関や高齢者施設に配布するにゃ。

3. 期待効果  
高齢層の訪問者数を増やすことで、顧客満足度及び再訪率が向上し、施設全体の収益が増加するにゃ。

4. SNS発信用キャッチコピー例  
中年層：アートに囲まれた自分時間を楽しむ、あなたの特別な場所。  
若年層：友達と一緒に冒険しよう！思い出がいっぱいの一日を！  
高齢層：ゆったりと楽しい時間を、一緒に過ごしましょう。

5. 追加の収益施策アイデア  
高齢層向けに特化したワークショップや講座を開催し、参加費を設けることにより収益を上げることができるにゃ。"
ダイワロイネットホテル金沢MIYABI	2人組	中年層	関東	1,000万円以上	4	2人組	若年層	関東	1,000万円以上	3	2人組	高齢層	北海道	400万円未満	1	ダイワロイネットホテル金沢MIYABI	"1. 評価ポイント・改善ポイント
子供向けのスポットが充実している点は素晴らしいにゃ。また、大浴場と脱衣所の快適さも高評価だにゃ。ただし、若年層向けのコンテンツやサービスが不足しているため、改善が求められるにゃ。

2. 即応策（低コストでできる具体的な行動）
- 短期：若年層向けの特別イベント（スイーツ作り体験やアウトドアイベントなど）を企画し、SNSで告知するにゃ。
- 中期：高校生向けの割引プランを導入し、グループでの来場を促進するにゃ。

3. 期待効果
子供が満足するだけではなく、若年層の来場者を増やすことで、全体的な満足度の向上や再訪率の増加が期待できるにゃ。

4. SNS発信用キャッチコピー例
ペルソナ名称1（中年層）：贅沢な時間を、家族と共に。
ペルソナ名称2（若年層）：思い出作りはここからスタート。
ペルソナ名称3（高齢層）：心温まるひとときを、大切な人と。

5. 追加の収益施策アイデア
- 地元食材を使ったグルメイベントを定期的に開催し、地域の特産品の販売を行うにゃ。
- オンラインシャトルバスの運行サービスを提供し、観光地を巡るパッケージプランを販売するにゃ。"
チサンバジェット金沢駅前	ひとり	中年層	関東	400～700万円未満	8	ひとり	若年層	関東	700～1,000万円未満	8	2人組	若年層	関東	400～700万円未満	6	チサンバジェット金沢駅前	"1. 評価ポイント・改善ポイント
清潔感や従業員の親切さ、美味しい料理が高く評価されているにゃ。ただ、来客数が増えていないため、集客施策やリピーター獲得に向けた工夫が必要にゃ。

2. 即応策
短期： 
- SNSで「清潔感」「喜びの声」をテーマに投稿し、フォロワーに割引クーポンを配布するにゃ。
- 施設内に「スタッフのおすすめ料理」コーナーを設け、従業員が自信を持って勧めるメニューを紹介するにゃ。

中期：
- 来店後のアンケートを実施し、ニーズに応じたサービスや料理の改善点を見つけて改善策を立てるにゃ。
- リピーター向けの特別イベントを企画し、顧客のニーズに合った体験を提供するにゃ。

3. 期待効果
来店者の満足度が向上し、リピーターの増加が見込めるにゃ。また、SNSでのインプレッションが増えることで、新規顧客の獲得率も上がるにゃ。

4. SNS発信用キャッチコピー例
ペルソナ名称1（ひとり・中年層）：「くつろぎのひとときを、贅沢な料理とともに」
ペルソナ名称2（ひとり・若年層）：「ひとりご褒美、特別な時間を楽しもう」
ペルソナ名称3（2人組・若年層）：「大切な友達との思い出、ここにあります」

5. 追加の収益施策アイデア
特製料理やドリンクのテイクアウト販売を開始し、家庭でも楽しめるメニューを提案するにゃ。また、宿泊プランとのコラボレーションを考えた特別パッケージを提供するのも良いにゃ。"
トリフィートホテル&ポッド金沢百万石通	ひとり	中年層	関東	700～1,000万円未満	6	ひとり	若年層	中部	400万円未満	4	ひとり	高齢層	関東	400万円未満	3	トリフィートホテル&ポッド金沢百万石通	"1. 評価ポイント・改善ポイント
この観光施設は歴史ある魅力を持ち、歴史を楽しみに訪れる観光客から高い評価を得ているにゃ。しかし、訪問者の分野におけるターゲティングが十分でなく、特に若年層や高齢層の興味を引くコンテンツが欠けているにゃ。

2. 即応策
短期的には、SNSや広告を活用して歴史や文化に関する特別イベントを企画し、各層のターゲットに向けた魅力的なコンテンツを発信するにゃ。中期的には、各年齢層に適した体験プログラムを開発し、学ぶ楽しみを提供することで再訪を促進するにゃ。

3. 期待効果
満足度を高めることで再訪率の向上が期待できるにゃ。特に新しいプログラムやイベリックが評価されることで、口コミにも繋がり、さらなる来客を見込めるにゃ。

4. SNS発信用キャッチコピー例
ペルソナ名称1（中年層）：歴史を感じながら、新たな発見をしよう！
ペルソナ名称2（若年層）：歴史の裏側を探る、あなたの冒険がここにある！
ペルソナ名称3（高齢層）：再び出会う歴史の息吹、ゆっくり楽しみましょう！

5. 追加の収益施策アイデア
歴史体験を通じたワークショップや特別なガイドツアーを有料で提供することで、訪問者に深い経験をもたらし、追加収益を狙うことができるにゃ。また、物販としての地域特産品や歴史に関連したグッズ販売も導入することで、さらなる収益源を確保できるにゃ。"
トレインパーク白山	家族連れ	若年層	中部	400～700万円未満	15	家族連れ	中年層	関東	1,000万円以上	7	2人組	若年層	中部	400万円未満	6	トレインパーク白山	"1. 評価ポイント・改善ポイント
新幹線を間近で見る体験や、子供たちが楽しむことのできる遊び場が非常に好評であったことがわかるにゃ。しかし、シミュレーターの体験に関する予約が取りづらく、展示物の豊富さを求める声があり改善の余地があるにゃ。

2. 即応策
短期：シミュレーターの体験時間や定員を増やすことで、予約の取りやすさを改善するにゃ。中期：新たな展示物や体験ブースを追加し、訪問者に魅力を持たせるにゃ。

3. 期待効果
シミュレーターの体験が向上することで、訪問者の満足度が高まり、再訪率の向上が期待できるにゃ。また、展示物が増えることで新しい来客の獲得にも繋がるにゃ。

4. SNS発信用キャッチコピー例
家族連れ（若年層）：親子で楽しめる新幹線体験！一日中遊び尽くそう！
家族連れ（中年層）：充実の家族時間、新幹線の魅力を探る旅へ出かけよう！
2人組（若年層）：友達と一緒に、新幹線の世界を満喫しよう！

5. 追加の収益施策アイデア
特別な体験イベントやワークショップを定期開催し、参加費を設定することで新たな収益源を確保するにゃ。例えば、「ドクターイエローと一緒に写真を撮る特別プロモーション」や、鉄道模型作成教室を開催するのも良いにゃ。"
ホテルインターゲート金沢	2人組	若年層	近畿	400～700万円未満	3	2人組	中年層	中部	400～700万円未満	2	ひとり	若年層	中部	400～700万円未満	2	ホテルインターゲート金沢	"1. 評価ポイント・改善ポイント  
観光施設は清潔感があり、案内スタッフの対応が親切である点が高く評価されています。しかし、若年層向けのアクティビティが不足しており、中年層はリラックスできるスペースが求められていますので、改善の余地がありますにゃ。

2. 即応策  
- 短期：若年層向けにSNSでのフォトコンテストを実施し、参加者に無料の入館券や特典を提供しますにゃ。  
- 中期：中年層向けのリラクゼーションスペースを充実させ、ゆったりとした座席やガーデンエリアを追加しますにゃ。

3. 期待効果  
短期施策では、SNSのエンゲージメントの向上により、来館者の増加が見込まれ、満足度も向上しますにゃ。また、中期施策により、中年層の再訪率が高まる効果が期待できますにゃ。

4. SNS発信用キャッチコピー例  
- 同伴者：2人組 / 若年層 / 近畿  
「友達との思い出を格別なものに！#あなたの笑顔がここにある」  
- 同伴者：2人組 / 中年層 / 中部  
「心身ともにリフレッシュ！癒しのひとときをお届けします」  
- 同伴者：ひとり / 若年層 / 中部  
「一人の時間を大切に、自由なスタイルで楽しもう！」

5. 追加の収益施策アイデア  
- 限定イベント（例：夜間開館デー）を設け、特別な体験を提供してプレミアム入場券を販売しますにゃ。  
- 地元の特産品やアーティストの作品を展示・販売するマーケットスペースを設け、施設の魅力を高め、収益を増やしますにゃ。"
ホテルウィングインターナショナルプレミアム金沢駅前	ひとり	中年層	中部	1,000万円以上	6	2人組	若年層	関東	400～700万円未満	5	2人組	高齢層	関東	400～700万円未満	4	ホテルウィングインターナショナルプレミアム金沢駅前	"1. 評価ポイント・改善ポイント
   施設は中年層の来訪者に好評を得ており、特に癒しの空間として評価されています。しかし、若年層や高齢層の訪問者へのアプローチが不足しているため、幅広い年齢層をターゲットにした施策が求められますにゃ。

2. 即応策
   - 短期: 若年層向けのイベントを企画する（例えば、音楽ライブやワークショップ）ことで集客を図るにゃ。
   - 中期: 高齢層向けの健康教室や講座を開設し、地域コミュニティに密着した活動を行うにゃ。

3. 期待効果
   短期でのイベント開催により若年層の満足度向上を狙い、再訪率を上げることが期待できるにゃ。中期には高齢層からの支持が得られ、よりリピーターを獲得できるにゃ。

4. SNS発信用キャッチコピー例
   ペルソナ名称1：中年層の癒しを求める人
   キャッチコピー: 「贅沢なひとときを、あなたへ。」
   
   ペルソナ名称2：若年層の冒険好き
   キャッチコピー: 「友達と一緒に楽しむ新しい体験、ここにある！」

   ペルソナ名称3：高齢層の健康志向者
   キャッチコピー: 「豊かなシニアライフをサポートする場所、ここに。」

5. 追加の収益施策アイデア
   オンラインショップを開設して、施設での体験を自宅でも楽しめる商品やサービスを提供するにゃ。例えば、オリジナルの健康食品や、イベント参加券のプリペイド販売によって、来場者の事前購入を促進するにゃ。"
ホテルマイステイズプレミア金沢	2人組	若年層	関東	400万円未満	4	家族連れ	中年層	関東	1,000万円以上	4	2人組	高齢層	関東	400～700万円未満	2	ホテルマイステイズプレミア金沢	"1. 評価ポイント・改善ポイント
この施設は若年層と中年層の家族連れから好評を得ている点が評価されるにゃ。しかし、若年層に特化したアクティビティが不足しているため、若者向けのプログラムを強化することで集客力向上が期待できるにゃ。

2. 即応策
短期：特別イベントやワークショップを企画して若年層をターゲットとするにゃ。 
中期：家族連れ向けには、親子で楽しめるエンターテイメントを提供するアトラクションや施設を計画するにゃ。

3. 期待効果
満足度が向上し、再訪率が増加することが期待されるにゃ。特に若年層が満足すれば、その影響はSNSにも波及し、口コミでの集客が見込まれるにゃ。

4. SNS発信用キャッチコピー例
ペルソナ名称1（若年層2人組）：友達と特別なひととき、あなたの冒険がここにある！
ペルソナ名称2（家族連れ中年層）：家族の絆を深める特別な体験、ここに待ってるよ！
ペルソナ名称3（高齢層2人組）：心温まる思い出を、一緒に作りましょう！

5. 追加の収益施策アイデア
季節ごとの特別パッケージを作成し、異なるペルソナ向けの料金プランを提案するにゃ。また、施設内でのオリジナルグッズを販売し、訪問者の記念品としての需要を狙うにゃ。"
ホテルマイステイズ金沢キャッスル	2人組	若年層	関東	400～700万円未満	4	友人	若年層	関東	400万円未満	3	2人組	高齢層	近畿	400万円未満	2	ホテルマイステイズ金沢キャッスル	"1. 評価ポイント・改善ポイント
この観光施設は、若年層の来訪者に人気があり、特に2人組や友人同士で楽しむ姿が多く見受けられます。ただし、高齢層へのアプローチが不足しているため、彼らを対象にしたサービスの拡充が必要ですにゃ。

2. 即応策（短期）
- SNSキャンペーンを実施し、若年層向けの特別割引チケットを提供するにゃ。
- 高齢層向けのガイドツアーを設定し、口コミを促すためのサービスを工夫するにゃ。
- 利用者の声を集めるため、簡単なアンケートを設置し、フィードバックを基に改善を図るにゃ。

3. 期待効果
特別割引チケットによって来訪者数が増加し、満足度が向上することで再訪率の向上が期待されます。高齢層向けサービスの導入により、ターゲット層が広がり新たな顧客を獲得できるにゃ。

4. SNS発信用キャッチコピー例
- 若年層2人組：「友達と一緒に、冒険の旅へ！」
- 若年層友人：「楽しさ無限大、仲間と過ごす特別な日！」
- 高齢層2人組：「ゆったりとした時間を、特別な仲間と共に！」

5. 追加の収益施策アイデア
- 特別なアクティビティ（ワークショップや体験プログラム）を提供することで、入場料以外の収益を増加させるにゃ。
- 物販や飲食メニューの充実を図り、リピーターを増やすことで追加収益を得る施策を考えるにゃ。"
ホテル・トリフィート金沢	2人組	若年層	関東	400～700万円未満	9	2人組	中年層	関東	1,000万円以上	7	その他	中年層	関東	1,000万円以上	2	ホテル・トリフィート金沢	"1. 評価ポイント・改善ポイント（2〜3行）：
この観光施設は、特に若年層と中年層に人気があり、多くの訪問者から高い評価を得ている点が素晴らしいにゃ。しかし、タイムリーなイベントや新たなアトラクションが不足しているため、リピーターを増やす工夫が必要にゃ。

2. 即応策（低コストでできる具体的な行動）：
短期的には、週末限定の特別イベントやワークショップを開催することで、訪問者の興味を引きつけるにゃ。中期的には、新しいアトラクションや体験型コンテンツを企画して、リピート訪問を促進するにゃ。

3. 期待効果（満足度・再訪率など）：
短期的なイベントにより、来場者の満足度が向上し、SNSでのシェアが増加することで、集客数が向上するにゃ。中期的には、アトラクションの充実により再訪率が向上し、顧客ロイヤルティも高まるにゃ。

4. SNS発信用キャッチコピー例：
若年層：「友達と一緒に新しい体験をしよう！私たちの特別イベントで素敵な思い出を作ろう！」
中年層：「大人の休日、特別なひとときをあなたに。友人と一緒に楽しむ新しいアトラクション、見逃せない！」

5. 追加の収益施策アイデア：
施設内でのオリジナルグッズ販売や、飲食メニューの充実化を図ることが考えられるにゃ。また、アトラクション利用券や広報イベント参加券をセットにしたパッケージ販売も有効にゃ。"
ポイントバケーション加賀山中	2人組	高齢層	近畿	400～700万円未満	23	2人組	中年層	近畿	1,000万円以上	8	その他	高齢層	近畿	400～700万円未満	7	ポイントバケーション加賀山中	"1. 評価ポイント・改善ポイント  
施設の清潔さと充実した設備は非常に好評を得ており、特にスタッフの親切な対応が来客者の満足度を向上させています。しかし、洗顔石鹸の不備など、基本的なアメニティの充実を図る必要がありますにゃ。

2. 即応策  
【短期】洗顔石鹸やアメニティのチェックリストを作成し、すぐに必要なアイテムを補充するにゃ。館内にアメニティのリストを掲示し、サービスの向上を印象付けるにゃ。  
【中期】スタッフにお土産やアメニティの情報をシェアするトレーニングを実施し、心配りの一環として、お客様の要望に素早く応えられる体制を築くにゃ。

3. 期待効果  
アメニティの充実やスタッフの対応が改善されることで、顧客の満足度が向上し、再訪率が増加することが期待できるにゃ。

4. SNS発信用キャッチコピー例  
高齢層2人組：仲間と心和む温泉体験、心温まるサービスを 
中年層2人組：洗練された空間で、特別なひと時をお届け 
高齢層その他：癒しのひととき、心からのサービスがここに

5. 追加の収益施策アイデア  
地元の特産品を使ったオリジナルお土産セットを販売するにゃ。特に、温泉効果をアピールした入浴剤や、地元食材を使用した調理キットなど、宿泊者にとって魅力的な商品を提案することで、収益を増やすにゃ。"
ランプの宿	2人組	中年層	関東	1,000万円以上	3	2人組	若年層	中部	700～1,000万円未満	2	2人組	高齢層	関東	400～700万円未満	2	ランプの宿	"1. 評価ポイント・改善ポイント：施設の清潔感や接客サービスは高く評価されていますが、特に若年層にはアクティビティやイベントが不足しているとの声が聞かれますにゃ。高齢層向けの配慮もさらに必要ですにゃ。
  
2. 即応策：
   - 短期（2〜4週間以内）：SNSやチラシを通じて、既存のイベントやアクティビティを活用し、特定の年齢層をターゲットとした割引キャンペーンを実施にゃ。
   - 中期（半年以内）：イベントを定期開催し、地元アーティストとのコラボイベントなどを通じて集客を図るにゃ。

3. 期待効果：イベントやキャンペーンにより、若年層や高齢層の訪問者数が増加し、満足度が向上すると共に再訪率が促進されるにゃ。

4. SNS発信用キャッチコピー例：
   - 中年層（関東）：『特別なひとときを、あなたと共に。贅沢な休日を約束します』
   - 若年層（中部）：『アクティブな仲間と、最高の体験を！ここでしか味わえない楽しさを見逃すな！』
   - 高齢層（関東）：『ゆったりとした時間を、特別な仲間と。心温まるひとときをお過ごしください』

5. 追加の収益施策アイデア：訪問の際に利用できるクーポンシステムを導入することで、次回の訪問を促すと共に、提携グルメ店舗やアクティビティの割引を提供し、施設内での消費を増加させる施策が考えられますにゃ。"
休暇村能登千里浜	2人組	高齢層	関東	400万円未満	2	その他	高齢層	中部	400万円未満	2	家族連れ	中年層	中部	700～1,000万円未満	2	休暇村能登千里浜	"1. 評価ポイント・改善ポイント
施設は高齢層と中年層の訪問が多く、落ち着いた雰囲気が評価されていますが、食事や休憩スペースの充実度が課題にゃ。また、高齢層向けのアクセスの配慮が必要な部分も見受けられるにゃ。

2. 即応策（低コストでできる具体的な行動）
短期的には、休憩スペースに座りやすい椅子やテーブルを追加し、晴れた日には屋外にテラスを設けるにゃ。また、高齢層向けのリーフレットを作成し、周辺観光スポットと合わせたおすすめプランを提案するにゃ。

3. 期待効果
これらの改善を実施することで、来訪者の満足度が向上し、再訪率の増加が期待できるにゃ。また、友人や家族へ口コミを通じて施設を広めてもらえる可能性も高まるにゃ。

4. SNS発信用キャッチコピー例
高齢層2人組：心落ち着く大人の時間、ここにある。
高齢層その他：懐かしさを感じる新しい出会い、ここまでの贅沢。
中年層家族連れ：家族の思い出を作る場所、自然の中で楽しむ一日。

5. 追加の収益施策アイデア
中期的には、特別イベントや体験ツアーを定期的に開催するにゃ。特に高齢者や家族連れ向けのワークショップ（料理教室やクラフト教室など）を行うことで、新たな収益源を確保するにゃ。また、地元の農産物を使った商品販売も効果的にゃ。"
兼六園	2人組	若年層	関東	400万円未満	6	2人組	中年層	関東	1,000万円以上	3	2人組	高齢層	関東	400万円未満	3	兼六園	"1. 評価ポイント・改善ポイント：
施設の庭園が丁寧に手入れされており、来訪者から好評を得ている点が素晴らしいにゃ。また、マップによる散策ルートの提供があり、訪問者が動きやすく楽しめる環境が整っているのも評価できるにゃ。しかし、来訪者の多様なニーズに応えるサービスやアクティビティが不足している点は改善が必要にゃ。

2. 即応策：
短期的には、来訪者向けに「庭園ガイドツアー」を週末に開催するにゃ。専門のガイドが庭園の魅力を説明しながら案内することで、楽しみながら理解が深まるにゃ。中期的には、訪問者の年代別に特化したイベント（例：若者向けのインスタ映えフォトスポット作成）を企画するにゃ。

3. 期待効果：
来訪者がより満足感を得て、SNSなどで積極的にシェアしてくれることで、口コミ効果による再訪率向上や新規客の獲得に繋がるにゃ。また、イベントの開催は参加者を惹きつけ、収益向上にも寄与するにゃ。

4. SNS発信用キャッチコピー例：
同伴者が2人組の若年層向け：「友達と一緒に、癒しのガーデン散策へ！」
同伴者が2人組の中年層向け：「豊かな自然の中で、心のヒーリングを。」
同伴者が2人組の高齢層向け：「穏やかなひとときを、自然と共に過ごしましょう。」

5. 追加の収益施策アイデア：
季節ごとの特別イベント（フラワーフェスティバルやハロウィンイベントなど）を開催し、入場料や物販での収益を増やすにゃ。また、特製の庭園オリジナル商品（ハーブティーや植木鉢）を販売し、訪問者に記念として持ち帰ってもらうにゃ。"
加賀伝統工芸村　ゆのくにの森	家族連れ	中年層	近畿	700～1,000万円未満	10	2人組	若年層	中部	400～700万円未満	6	2人組	高齢層	中部	400～700万円未満	6	加賀伝統工芸村　ゆのくにの森	"1. 評価ポイント・改善ポイント
   ガラス体験を含む多彩な体験や、適度に効いたクーラー、休憩スペースの存在は非常に高い評価を得ているにゃ。ただし、施設内の移動が不便と感じる声もあるため、アクセスや移動のしやすさに改善が必要にゃ。

2. 即応策（低コストでできる具体的な行動）
   施設内の案内サインを増やし、歩行ルートを明確化するにゃ。加えて、スタッフによる移動案内やサポートの強化を行い、訪れる客がスムーズに体験を楽しめる環境を整えるにゃ。

3. 期待効果（満足度・再訪率など）
   空間の使いやすさの向上により、訪れる家族連れやカップルの満足度が増加し、リピーターの増加につながることが期待できるにゃ。

4. SNS発信用キャッチコピー例
   - 家族連れ：思い出をかたちに、家族で楽しむ体験型施設！
   - 若年層：友達と一緒に楽しめる、刺激的なアクティビティが満載！
   - 高齢層：落ち着いた雰囲気の中で、豊かな体験をあなたに。

5. 追加の収益施策アイデア
   体験後に、参加者がその体験をSNSに投稿することで割引や特典を提供するキャンペーンを実施するにゃ。この施策により、口コミ効果を高め、新規顧客の誘致及びリピーターによる売上向上が期待できるにゃ。"
加賀屋	2人組	若年層	中部	400万円未満	4	2人組	中年層	関東	400～700万円未満	2	2人組	高齢層	中国	700～1,000万円未満	2	加賀屋	"1. 評価ポイント・改善ポイント  
若年層を中心に小グループでの訪問が多いため、アクティビティやインスタ映えするスポットの充実が求められるにゃ。また、高齢層に対してはリラックスできる空間の提供が評価されているが、もう少し改善が必要にゃ。

2. 即応策  
短期（2〜4週間以内）：インスタ映えスポットを増設し、SNSでのシェアを促すプロモーションを始めるにゃ。中期（半年以内）：高齢層向けにリラックススペースを設け、イベントや体験型活動を導入するにゃ。

3. 期待効果  
短期でSNSでのシェアが増え、訪問者の満足度と再訪率が向上するにゃ。中期で高齢層の訪問者が増え、施設全体の特色が広がることが期待できるにゃ。

4. SNS発信用キャッチコピー例  
- 若年層：「友達と思い出を作る最高の場所！」
- 中年層：「今日はゆっくり、特別な時間を過ごしませんか？」
- 高齢層：「ここでのひと時が、あなたの心を癒します。」

5. 追加の収益施策アイデア  
地元の特産品を使ったワークショップや体験イベントを開催し、参加料金を設けるにゃ。また、季節ごとのイベントを企画し、それに合わせたミールパッケージを販売することで新たな収益源を確保するにゃ。"
北陸自動車道　尼御前ＳＡ（下り）	2人組	中年層	近畿	1,000万円以上	3	その他	中年層	近畿	1,000万円以上	2	家族連れ	中年層	中部	1,000万円以上	2	北陸自動車道　尼御前ＳＡ（下り）	"1. 評価ポイント・改善ポイント
施設はリラックスできる環境と高品質のサービスを提供している点が評価されているにゃ。ただし、中年層と家族連れの利便性を考慮した情報発信やプロモーション不足が課題になっているにゃ。

2. 即応策（低コストでできる具体的な行動）
短期的には、SNSやメールマガジンで特別なイベントや割引プランを発信し、特に中年層を対象とした内容を強化するにゃ。また、施設内に情報コーナーを設置し、地域の観光情報や家族向けアクティビティをまとめて提供するにゃ。

3. 期待効果
満足度が向上し、再訪率が増加することが期待できるにゃ。特に、中年層の顧客が家族連れを誘いやすくなる効果が見込めるにゃ。

4. SNS発信用キャッチコピー例
ペルソナ名称1：セレブな中年夫婦 - 「あなたの特別なひとときを、ここで過ごしませんか？」
ペルソナ名称2：仲間と過ごす中年層 - 「友人との新しい思い出を、この場所でつくろう！」
ペルソナ名称3：家族で遊べる中年層 - 「家族みんなで楽しめる、安心のスポットここにあります！」

5. 追加の収益施策アイデア
中期的には、地元の特産品を使ったワークショップや料理教室を開き、参加費を収益源とするにゃ。また、ファミリーパッケージや友達割引プランを設定し、集客につなげる施策を強化すると良いにゃ。"
千里浜レストハウス	2人組	中年層	関東	700～1,000万円未満	4	2人組	若年層	関東	400～700万円未満	3	2人組	高齢層	中部	400万円未満	3	千里浜レストハウス	"1. 評価ポイント・改善ポイント
施設が綺麗で雰囲気が良く、飲食メニューの美味しさや種類の多さも高評価にゃ。また、子供連れの家族層にも人気があることから、児童向けのアクティビティがあるとさらに良くなるにゃ。

2. 即応策（低コストでできる具体的な行動）
- 短期的には、サンドアートの規模を増やすことは難しいので、数種類の新しい短期イベント（子供向けワークショップなど）を企画し、マスコミやSNSで宣伝するにゃ。
- 中期的には、施設内の遊び場スペースや体験コーナーを設け、家族向けのプロモーションを強化し、集客を狙うにゃ。

3. 期待効果（満足度・再訪率など）
新しいアクティビティにより、来場客の満足度がアップし、再訪率も高まるにゃ。特に家族連れの集客増加が期待できるにゃ。

4. SNS発信用キャッチコピー例
- 中年層：大切な人と、綺麗な景色と美味しい料理を楽しむ至福のひととき。
- 若年層：友達と最高のスポットで素敵な思い出を作ろう！
- 高齢層：懐かしい雰囲気と美味しさが詰まった、心温まるひとときを。

5. 追加の収益施策アイデア
地元の特産品を使った料理教室やクラフト体験を有料で提供し、観光客だけでなく地元住民にも参加を促すにゃ。また、特産品を卸売価格で来場者に購入できる特設コーナーを作るのも一つの施策にゃ。"
変なホテル　小松駅前	2人組	若年層	中部	400～700万円未満	3	ひとり	中年層	近畿	1,000万円以上	2	ひとり	高齢層	関東	1,000万円以上	2	変なホテル　小松駅前	"1. 評価ポイント・改善ポイント
施設は清潔感があり、過ごしやすいという点が高く評価されているにゃ。しかし、電話対応の質を向上させることで、さらに良い印象を与えられる余地があるにゃ。

2. 即応策（低コストでできる具体的な行動）
- 簡易マニュアルを作成し、電話応対時のフレーズや対応マナーを統一するにゃ。
- 定期的にスタッフミーティングを行い、電話対応の意識づけを促進するにゃ。

3. 期待効果（満足度・再訪率など）
電話対応の質を向上させることで、訪問前の不安を軽減し、全体的な顧客満足度の向上が期待できるにゃ。これにより再訪率の向上にも繋がるにゃ。

4. SNS発信用キャッチコピー例
ペルソナ名称1（若年層2人組）：「仲間と一緒に笑顔いっぱいの思い出を作ろう！」
ペルソナ名称2（中年層ひとり）：「贅沢なひとときを心ゆくまで楽しんで、あなたのための特別な空間にご招待！」
ペルソナ名称3（高齢層ひとり）：「人生の素敵なひとときを、落ち着いた環境でお過ごしください。」

5. 追加の収益施策アイデア
- 地域の特産品や工芸品を販売するコーナーを設置し、訪問者に地域の魅力を伝えつつ収益を上げるにゃ。
- 特別イベント（ワークショップやトークイベントなど）を定期的に開催し、参加費を設定することで集客と収益を同時に狙うにゃ。"
安江金箔工芸館	2人組	中年層	近畿	400～700万円未満	1	2人組	若年層	近畿	1,000万円以上	1	2人組	高齢層	関東	400～700万円未満	1	安江金箔工芸館	"1. 評価ポイント・改善ポイント：
お客様からの好評を受け、美味しい食事や可愛いグッズが魅力的とされている点を評価したいにゃ。また、金箔作りの工程をしっかりと見せられていることも強みだね。しかし、ショップのお土産の品揃えが不足しているとの声もあるので、改善が必要にゃ。

2. 即応策：
短期的には、地域特産品やユニークなお土産を仕入れ、ショップの品揃えを豊かにするにゃ。中期的には、SNSや店舗でのキャンペーンを通じて新商品を紹介し、フィードバックを集めながら商品ラインアップを調整していくにゃ。

3. 期待効果：
お土産の品揃えが増えることで満足度が向上し、再訪率が高まることが期待できるにゃ。また、SNSでのシェアが促進され、他のお客様の訪問も増えるだろうにゃ。

4. SNS発信用キャッチコピー例：
- 中年層（近畿・2人組）：「二人で楽しむ、金箔の美と美味の旅」
- 若年層（近畿・2人組）：「友達とシェアしたい、インスタ映えのグッズが盛りだくさん！」
- 高齢層（関東・2人組）：「共に楽しむ金箔の魅力、一緒に味わう美味しさ」

5. 追加の収益施策アイデア：
ワークショップや体験型のプログラムを開催することで、来場者に高付加価値な体験を提供するにゃ。金箔作りや地元の特産品を使った料理教室などを通じて、参加費を徴収することで新たな収益源を確保できるにゃ。"
小松市観光交流センター Komatsu九	2人組	若年層	近畿	400万円未満	7	ひとり	中年層	関東	1,000万円以上	6	2人組	中年層	中部	400～700万円未満	5	小松市観光交流センター Komatsu九	"1. 評価ポイント・改善ポイント
新しい施設であり、きれいで品揃えも良いため、訪れるお客さまに好評を得ています。また、地元ならではのお土産も取り揃えているため、地域の魅力を伝える良い空間です。ただし、若年層の集客をさらに増やすための戦略が必要にゃ。

2. 即応策
短期には、SNSリサーチを行い、若年層のデザインや内容を反映したプロモーションを行います。特におしゃれな物を強調した特集を作り、ストーリーズや投稿で定期的に告知すると良いにゃ。

中期には、地元の若手クリエイターとのコラボレーションイベントを企画し、オリジナルグッズを作成することを検討しますにゃ。

3. 期待効果
これにより、特に若年層の満足度向上と再訪率の上昇が期待でき、全体の集客数増加につながるにゃ。また、新しいイベントを通じて地域の活性化にも寄与することができるにゃ。

4. SNS発信用キャッチコピー例
若年層向け(2人組)：友達と一緒に、思い出を作る場所ここにあり！  
中年層向け(ひとり)：一人の時間、心豊かに彩るひととき。  
中年層向け(2人組)：懐かしさと新しさが共存する、地元を満喫する旅へ！  

5. 追加の収益施策アイデア
地元の地酒やスイーツとのペアリングイベントを開催し、参加費を設定するのはいかがかにゃ？ また、購入者向けのポイントシステムを導入してリピーターを増やすのも効果的にゃ。"
小松空港	2人組	若年層	関東	400～700万円未満	33	2人組	中年層	関東	1,000万円以上	28	ひとり	中年層	関東	1,000万円以上	27	小松空港	"1. 評価ポイント・改善ポイント  
施設は整備が行き届き、清潔感があり、スタッフの対応も丁寧で良好だにゃ。ただし、飲食店の数が不足しているため、食事の選択肢を増やす必要があるにゃ。そして、臨時休業が目立つため、事前の情報提供が求められるにゃ。

2. 即応策  
短期：臨時休業の情報を事前にSNSや施設の掲示板で周知し、訪問前に確認できるシステムを確立するにゃ。中期：新たな飲食店を誘致するためのイベントやキャンペーンを実施し、地域の飲食店と連携して特別メニューを提供するにゃ。

3. 期待効果  
事前に情報が提供されることで訪問者の満足度向上につながり、再訪率が上がると期待できるにゃ。また、飲食店の充実により、滞在時間の延長と消費が増え、収益向上が見込まれるにゃ。

4. SNS発信用キャッチコピー例  
若年層2人組：楽しい思い出を友達と一緒に。特別メニューで舌鼓を打とう！  
中年層2人組：ご褒美のひとときを、贅沢な食事と共に楽しもう。  
中年層ひとり：贅沢な一人時間。自分へのご褒美を、特別な体験で。

5. 追加の収益施策アイデア  
特別な期間限定イベントを企画し、例えば「金沢食材を使用した特製メニューの提供やワークショップを開催する」にゃ。また、飲食店の紹介によるクーポン配布や、お土産のパッケージ特典などを実施し、他の施設とのコラボレーションを推進することで集客を図るにゃ。"
尾山神社	2人組	若年層	関東	400～700万円未満	13	2人組	中年層	関東	400～700万円未満	10	2人組	高齢層	中部	700～1,000万円未満	5	尾山神社	"1. 評価ポイント・改善ポイント  
清掃が行き届いており、境内や建物の美観が好評にゃ。珍しい建物や展示も好評で、文化的な価値が高いが、特にすることがないとの声も多いので、体験型のアクティビティが必要にゃ。

2. 即応策  
短期的には、御朱印帳の種類を増やしたり、ミニツアーを開催して歴史や文化を紹介することで、体験の幅を広げるにゃ。中期的には、年齢や年代に応じたテーマイベント（例：お守りワークショップやおみくじフェス）を企画するにゃ。

3. 期待効果  
訪れたお客様がより満足し、体験を通じて再訪となる割合が高まるにゃ。特に若年層や中年層の満足度向上が期待できるにゃ。

4. SNS発信用キャッチコピー例  
若年層：「新しい文化体験に、仲間とともに！特別な思い出を作りに来て！」  
中年層： 「懐かしい思い出とともに、心安らぐひとときをお届け！」  
高齢層： 「悠久の歴史を感じながら、大切な人と素敵な時間を過ごして！」

5. 追加の収益施策アイデア  
特製の御朱印帳や関連商品をオンラインショップで販売するにゃ。また、観光客向けに地域の特産品や体験を紹介する「地域連携パッケージ」を作成し、収益源を増やすにゃ。"
屋内木育施設 もりのひみつきち	家族連れ	若年層	中部	400～700万円未満	18	家族連れ	中年層	中部	400万円未満	5	家族連れ	高齢層	中部	400万円未満	2	屋内木育施設 もりのひみつきち	"1. 評価ポイント・改善ポイント
施設の利用料金が良心的で、子供が安心して遊べる環境が整っている点は非常に評価できるにゃ。また、利用者が快適に過ごせる涼しい環境が提供されているのも良いポイントにゃ。しかし、利用時間の制限に関する意見がないため、利用者のニーズに応じた柔軟な対応が求められるにゃ。

2. 即応策（低コストでできる具体的な行動）
- 子供連れの家族向けに、利用時間をフリーにする「ファミリータイムパス」を導入するにゃ。特定の時間帯だけでも、利用制限を緩和し、自由な時間を提供することができるにゃ。
- SNSでのお得なキャンペーンを実施し、フォロワーを増やすにゃ。例えば、家族で来場した際の写真投稿コンテストなどを行うにゃ。

3. 期待効果（満足度・再訪率など）
利用者満足度が向上し、再訪率の増加が期待できるにゃ。家族連れにとっては、時間を気にせず過ごせることで、ストレスが軽減されるにゃ。また、SNSでのキャンペーンを通じて、新たな集客が見込めるにゃ。

4. SNS発信用キャッチコピー例
- 家族連れ若年層：「この夏、家族の絆を深める新しい遊び場へ！」
- 家族連れ中年層：「思い出に残る家族の時間を、安心安全の空間で。」
- 家族連れ高齢層：「孫と一緒に笑顔を！世代を超えた楽しみがここに。」

5. 追加の収益施策アイデア
- 子供向けのワークショップや体験教室を定期的に開催し、参加費を徴収するにゃ。例えば、アート教室や運動教室などが考えられるにゃ。
- 季節限定のフードやグッズを販売し、施設のオリジナリティを高めるとともに収益を上げるにゃ。特に、地元名産を利用した商品は観光客や地元のお客さんに喜ばれるにゃ。"
山代温泉　総湯	2人組	若年層	関東	400万円未満	4	2人組	中年層	中部	1,000万円以上	2	その他	高齢層	中部	400万円未満	2	山代温泉　総湯	"1. 評価ポイント・改善ポイント
   この施設は多様な年齢層や地域からの訪問者を引き付けており、特に若年層の支持が高い点が素晴らしいにゃ。さらに、高年収の中年層や質の高い高齢層とも繋がりがある反面、年収400万円未満の高齢層の訪問が伸び悩んでいる点が改善の余地にゃ。

2. 即応策
   短期（2〜4週間以内）の即応策として、若年層向けのSNSキャンペーンを開催し、特別割引やイベント情報を発信するにゃ。中期（半年以内）には、高齢層向けの視覚的な広告を充実させ、高年層でも訪れやすいようなプログラム（バリアフリーや特別メニュー）の導入を図るにゃ。

3. 期待効果
   即応策により、若年層の満足度が向上し、再訪率が増加する期待があるにゃ。特に特別イベントが成功すれば若者同士の話題になり、口コミで広まる可能性が高いにゃ。中期策の実施により、高齢層の来訪が促進され、施設全体の収益の向上が見込まれるにゃ。

4. SNS発信用キャッチコピー例
   若年層向け：友達と一緒に特別な思い出を、ここにしかない体験に！
   中年層向け：大人の休日は、心豊かなひとときを楽しむ場所へ。
   高齢層向け：安心して楽しめる、穏やかな時間をお届けします。

5. 追加の収益施策アイデア
   定期的に「ファミリーデー」や「シニア割引デー」を設定し、特定のターゲット層に特化したイベントを開催するにゃ。また、地元の企業とのコラボレーションを通じて特産品の販売やワークショップを行い、来場者に新たな体験を提供するにゃ。"
日本自動車博物館	その他	中年層	中部	700～1,000万円未満	2	家族連れ	中年層	近畿	700～1,000万円未満	2	2人組	若年層	中部	1,000万円以上	1	日本自動車博物館	"1. 評価ポイント・改善ポイント
施設には多様な車の展示があり、来場者からはその量と質が高く評価されているにゃ。また、清潔なトイレや子供が楽しめる要素があるのも良い点にゃ。一方で、休憩スペースの充実が求められているにゃ。

2. 即応策（低コストでできる具体的な行動）
短期的には、施設内に椅子やベンチを設置して休憩スペースを確保するにゃ。また、展示車両近くに簡易休憩エリアを設けることで、家族連れや中年層が利用しやすくするにゃ。

3. 期待効果（満足度・再訪率など）
休憩スペースが充実することで、来場者の満足度が向上し、再訪率が高まることが期待できるにゃ。また、SNSでの口コミも増えるにゃ。

4. SNS発信用キャッチコピー例
ペルソナ名称1：中年の車好きが喜ぶ場所「貴重な車たちが待っている。あなたの心を揺さぶる瞬間、ここに！」
ペルソナ名称2：家族みんなで楽しむ場所「子供も大人も夢中になる！家族での楽しいひとときを過ごそう！」
ペルソナ名称3：若者に人気のスポット「迫力満点の車と共に、仲間と最高の思い出を作ろう！」

5. 追加の収益施策アイデア
中期的には、特別展やイベントの開催、例えば「車愛好家の日」を設けて、レアカーの展示やオーナーとのトークセッションを企画するにゃ。これにより、入場料の増収や関連グッズの販売など新たな収益源を確保できるにゃ。"
月うさぎの里	家族連れ	若年層	中部	400～700万円未満	5	2人組	若年層	近畿	400～700万円未満	2	家族連れ	中年層	中部	400～700万円未満	2	月うさぎの里	"1. 評価ポイント・改善ポイント：
施設は家族連れや若年層に人気があり、特に中部地方からの訪問者が多い点が評価されるにゃ。コンテンツやアクティビティが明確には見えづらくなっているため、特に若年層のニーズに合わせた改善が必要にゃ。

2. 即応策：
短期では、施設内の案内板やポスターのデザインを見直し、QRコードを活用してアクティビティ情報を発信するにゃ。中期では、社員によるSNSアカウントの運営促進を行い、定期的にイベントや特典を紹介する施策を実施するにゃ。

3. 期待効果：
即応策によって来場者の満足度が上がり、口コミが増えれば再訪率向上につながるにゃ。また、中期施策としてSNSでの発信を活用すれば、ブランド認知度が向上し将来的な来場者増加が見込めるにゃ。

4. SNS発信用キャッチコピー例：
家族連れ（若年層）：「みんなで楽しむアドベンチャー！家族の思い出を作ろう！」
家族連れ（中年層）：「大切な家族と過ごす特別なひとときを体験しよう！」
2人組（若年層）：「友達と一緒にワクワクを共有しよう！この日を忘れられない思い出に！」

5. 追加の収益施策アイデア：
オリジナルグッズの販売や、施設内でのワークショップ（地元の特産品を使った体験など）を開催し、参加費を設定することで新たな収益源を確保するにゃ。また、地域の宿泊施設とのコラボレーションプランを作成し、相互に集客を図る施策も検討するにゃ。"
法師旅館	2人組	若年層	中部	400～700万円未満	7	2人組	高齢層	中部	400万円未満	7	2人組	中年層	近畿	700～1,000万円未満	4	法師旅館	"1. 評価ポイント・改善ポイント（2〜3行）
温泉や料理が非常に好評で、親切な接客や充実したお土産屋も評価されていますが、地ビールの提供やお土産売り場の品数・試食の充実が求められていますにゃ。

2. 即応策（低コストでできる具体的な行動）
短期で、施設内の簡単なリフレッシュや清掃、地ビールの販売に向けた地元醸造所との連携を試みるにゃ。また、お土産売場の品数を見直し、試食を導入するプランを検討するにゃ。

3. 期待効果（満足度・再訪率など）
改善後には、お土産売場の賑わいが増し、再訪率の向上やSNSでの評判が広がる期待ができるにゃ。料理や温泉の良さに加え、独自の地ビールも楽しめることで、顧客の満足度が高まるにゃ。

4. SNS発信用キャッチコピー例
若年層：友達と楽しむ温泉デート！地元の地ビールと共に一日の疲れを癒そう！
高齢層：心温まるおもてなしと、思い出に残る温泉体験をお楽しみください。
中年層：大人の贅沢を味わう、お洒落な温泉宿。美味しい料理と共に本格的な癒しのひとときを。

5. 追加の収益施策アイデア
体験型プログラム（絵付け体験など）の充実や、季節ごとの特別イベント・キャンペーンを企画し、さらなる集客を狙うにゃ。地元の文化や食材を活かしたフェアを定期的に開催するのも効果的にゃ。"
温泉めい想倶楽部　富士屋旅館	2人組	若年層	中部	400～700万円未満	4	家族連れ	若年層	中部	400～700万円未満	4	2人組	高齢層	中部	400万円未満	3	温泉めい想倶楽部　富士屋旅館	"1. 評価ポイント・改善ポイント（2〜3行）
観光施設は、特に若年層や家族連れから高い評価を受けているにゃ。しかし、より多くの訪問者を引き寄せるためには、施設内のアクティビティやイベントの種類が不足している点を改善する必要があるにゃ。

2. 即応策（低コストでできる具体的な行動）
短期施策として、月に1度の特別イベントを企画し、SNSや地元の広報誌で告知するにゃ。中期施策では、テーマごとの季節限定イベントやワークショップを設けて、参加者の興味を引くにゃ。

3. 期待効果（満足度・再訪率など）
イベントによる参加者の増加が期待でき、満足度が向上することで再訪率の増加が見込まれるにゃ。また、家族連れや若年層にとって魅力的な体験を提供することで、口コミ効果も期待できるにゃ。

4. SNS発信用キャッチコピー例
ペルソナ名称1（若年層2人組）：友達と一緒に、新しい体験をシェアしよう！
ペルソナ名称2（家族連れ）：家族みんなで楽しめる、思い出の場所を見つけよう！
ペルソナ名称3（高齢層2人組）：友達と一緒に和みのひとときを楽しもう！

5. 追加の収益施策アイデア
施設の周辺に地域特産品を扱うショップを設置し、観光客に地元の魅力を紹介するにゃ。また、ワークショップや体験プログラムを有料で提供し、参加料を収益に繋げる施策も有効にゃ。"
湖畔の宿　森本	2人組	若年層	近畿	400万円未満	6	2人組	中年層	近畿	700～1,000万円未満	3	2人組	高齢層	関東	1,000万円以上	3	湖畔の宿　森本	"1. 評価ポイント・改善ポイント  
スタッフの対応が高く評価されているにゃ。ただ、若年層と中年層の集客を強化するためには、アクティビティや情報発信が不足している印象にゃ。特に、若者向けの魅力あるコンテンツを強化する必要があるにゃ。

2. 即応策  
短期：SNSやWEBサイトでの若年層向けイベント情報の発信を強化し、特設ページを制作するにゃ。中期：新しいアクティビティプランを企画し、ターゲットに合わせたキャンペーンを行うにゃ。

3. 期待効果  
集客数の向上に繋がり、特に若年層の満足度が向上することで再訪率も高まることが期待できるにゃ。

4. SNS発信用キャッチコピー例  
若年層：友達との特別な時間を、ここで見つけよう！  
中年層：大人の贅沢な楽しみ、ここにあります。  
高齢層：大切なひとと過ごす、心豊かなひととき。

5. 追加の収益施策アイデア  
定期的にコラボイベントやワークショップを開催し、参加費を設定するにゃ。また、施設内での写真撮影スポットを設け、参加者にSNSへの投稿を促すキャンペーンを行うことで、集客も見込めるにゃ。"
湯快リゾート 縁起の宿 矢田屋松濤園	2人組	中年層	近畿	700～1,000万円未満	3	2人組	若年層	中部	400～700万円未満	2	その他	中年層	中部	400～700万円未満	1	湯快リゾート 縁起の宿 矢田屋松濤園	"1. 評価ポイント・改善ポイント
施設のアクセスの良さや独自の体験プログラムが高評価を得ているにゃ。一方で、情報提供や宿泊プランの柔軟性が不足しているとのフィードバックがあったにゃ。

2. 即応策
短期（2〜4週間以内）では、公式サイトやSNSで最新情報を定期的に発信し、宿泊プランを柔軟にアピールすることにゃ。中期（半年以内）には、訪問者へのアンケートを基にニーズに応じたプログラムやサービスを考案することにゃ。

3. 期待効果
訪問者の満足度が向上し、再訪率を20%増加させることが期待できるにゃ。

4. SNS発信用キャッチコピー例
ペルソナ名称1：親子で楽しめる休日、思い出は当施設で
ペルソナ名称2：サプライズ満載！若者の冒険をサポートします
ペルソナ名称3：大人の贅沢なひととき、特別な体験が待ってます

5. 追加の収益施策アイデア
特別プランとして、夜間のライトアップイベントや地域特産物を使った料理教室などを企画し、リピーターを狙うにゃ。"
白峰温泉総湯	2人組	若年層	中部	400万円未満	2	友人	高齢層	中部	400万円未満	2	2人組	中年層	中部	1,000万円以上	1	白峰温泉総湯	"1. 評価ポイント・改善ポイント  
お肌ツルツル温泉や清潔な洗い場は高評価であり、顧客の安心感を生み出しているにゃ。また、地元食材を使った食事やお土産の充実も好評だが、特に理由のない訪問が多いため、リピート率を上げる施策が必要だにゃ。

2. 即応策  
短期：SNSや店内で「温泉でのリラックス体験を共有するキャンペーン」を実施し、特典を設けるにゃ。中期：定期的なイベントやワークショップを開催し、特別な体験を提供するにゃ。

3. 期待効果  
短期施策により、リラックス体験の共有が広まり、SNSにタグ付けされた投稿が増えることで認知度が向上するにゃ。中期のイベント開催では再訪率の向上が期待できるにゃ。

4. SNS発信用キャッチコピー例  
若年層2人組：友達と一緒に心も身体もリフレッシュ！  
高齢層友人：ゆったり温泉で友との時間を大切に！  
中年層2人組：特別なリトリート、リラックスできる空間で過ごしませんか？

5. 追加の収益施策アイデア  
地元アーティストによるハンドメイドグッズの販売や、温泉の効能をテーマにしたスパトリートメントメニューを設けて、体験の幅を広げるにゃ。また、宿泊プランを充実させ、連泊割引を提供することで集客力を高める施策も効果的だにゃ。"
石川県政記念しいのき迎賓館	2人組	若年層	中部	400～700万円未満	4	2人組	中年層	中部	400万円未満	3	ひとり	中年層	中部	400万円未満	2	石川県政記念しいのき迎賓館	"1. 評価ポイント・改善ポイント  
清潔感や施設の利用しやすさに対する評価が多く、顧客満足度が高いにゃ。しかし、スタバの導入や、さらに多様なプロモーションイベントを期待されているようなので、少し対応を充実させる余地があるにゃ。

2. 即応策  
短期（2〜4週間以内）：施設内にウエルカムドリンクを導入し、無料のコーヒーサービスを提供するにゃ。  
中期（半年以内）：スタバなどのカフェとのコラボイベントを企画し、定期的にスイーツのデザートプレートを提供する店を開設するにゃ。

3. 期待効果  
顧客のリピート率向上と満足度の増加が見込まれるにゃ。特に、無料ドリンクの提供は訪問者の休憩時間を快適にし、友人や家族との再訪を促進する結果になりそうにゃ。

4. SNS発信用キャッチコピー例  
ペルソナ名称1（若年層・2人組）：「心地よいひとときを、友達と一緒に。」  
ペルソナ名称2（中年層・2人組）：「くつろぎと発見が待っている場所。」  
ペルソナ名称3（中年層・ひとり）：「静かに自分だけの時間を楽しむ。」 

5. 追加の収益施策アイデア  
マーケットプレイスの開設でセレクトショップの商品のオンライン販売を行うことで、訪問者だけでなく遠方の顧客にも訴求し、収益を上げるにゃ。また、定期的な特別展やイベントを企画して、チケット収入を得る施策も有効にゃ。"
石川県森林公園三国山キャンプ場	ひとり	中年層	中部	700～1,000万円未満	8	ひとり	高齢層	中部	400～700万円未満	3	ひとり	若年層	中部	400万円未満	2	石川県森林公園三国山キャンプ場	"1. 評価ポイント・改善ポイント
施設の焚き火体験は満足度が高いと評価されており、安価で清潔感があることが顧客に支持されているにゃ。しかし、薪の調達と割りやすさに改善の余地があり、利用者の負担を軽減する必要があるにゃ。

2. 即応策（低コストでできる具体的な行動）
・薪を事前に割っておく、または薪割りサービスを導入するにゃ。
・薪の購入先を見直し、より扱いやすい薪を安価で仕入れるにゃ。

3. 期待効果
薪割りの手間が減ることで高齢層や若年層の来場者の満足度が向上し、再訪率や口コミの増加につながるにゃ。

4. SNS発信用キャッチコピー例
・中年層（ひとり）： ""人生の小さな贅沢、焚き火で心を温めよう""
・高齢層（ひとり）： ""やすらぎの焚き火、心地よい時間をあなたに""
・若年層（ひとり）： ""友達と一緒に楽しむ、特別な焚き火体験""

5. 追加の収益施策アイデア
・焚き火体験のレッスンを提供し、初心者向けのワークショップを開催することで収益の増加を図るにゃ。"
石川県立図書館	家族連れ	中年層	中部	400～700万円未満	27	2人組	若年層	関東	400万円未満	22	ひとり	若年層	関東	400万円未満	14	石川県立図書館	"1. 評価ポイント・改善ポイント  
綺麗な環境や図書館の素晴らしさが高く評価されているにゃ。この長所を活かしつつ、プール展示の予約方法についての情報提供が不足しているため、改善が必要にゃ。

2. 即応策（低コストでできる具体的な行動）  
短期的には、館内の目立つ場所や入口にプール展示の予約方法を明記したポップや掲示を設置するにゃ。ポスターやフライヤーを作成するのも良いにゃ。

3. 期待効果  
プール展示の予約情報が明確になれば、来場者の混乱を減らし、満足度が向上するにゃ。結果として再訪率が高まることが期待できるにゃ。

4. SNS発信用キャッチコピー例  
家族連れ：子供たちの笑顔があふれる楽しい場所！  
若年層（2人組）：特別な思い出を作る、ここだけの体験！  
若年層（ひとり）：本とともに、新たな冒険が待っている！

---
中期改善策（半年以内）  
1. 施設のウェブサイトやSNSにおいて、予約やアクセス情報を定期的に更新し、特に予約が必要なコンテンツを分かりやすく説明するにゃ。  
2. 家族連れ向けや若年層向けの特別イベントを企画し、プロモーションを行うにゃ。  
3. 館内ガイドツアーを導入し、より深い体験を提供するにゃ。

追加の収益施策アイデア  
図書館の特別セクションやプール展示に関連した教育プログラムやワークショップを開くことで、参加費を徴収し収益を増やすにゃ。また、カフェや物販でのオリジナルグッズを販売することで、追加収益を見込めるにゃ。"
石川県立歴史博物館	2人組	中年層	関東	1,000万円以上	18	2人組	若年層	関東	1,000万円以上	12	2人組	高齢層	関東	1,000万円以上	7	石川県立歴史博物館	"1. 評価ポイント・改善ポイント  
職員の丁寧なおもてなしや充実した展示内容が好評で、特に歴史的な建物を利用した点は高く評価されています。しかし、購買品が少ないことや、特定のスタッフの対応にムラがあることは改善の余地があるにゃ。

2. 即応策  
- 短期：展示物の関連グッズを増やすために、地元アーティストとのコラボ商品を作成し、簡易的な販売コーナーを設置するにゃ。
- 中期：スタッフ全員に対する接客マニュアルを見直し、定期的な研修を実施することで、接客の均一性を改善するにゃ。

3. 期待効果  
訪問者の満足度が向上し、再訪率の増加が期待できるにゃ。また、購買品の増加により収益も向上するはずにゃ。

4. SNS発信用キャッチコピー例  
- 中年層：『歴史に触れ、心豊かに。あなたの知識の旅がこちらに待っています。』
- 若年層：『友達と一緒に文化探訪！インスタ映えするスポットが盛りだくさん。』
- 高齢層：『のんびりひと休み、歴史の深みを感じる空間へ。』

5. 追加の収益施策アイデア  
地元の郷土料理を提供するカフェや、食事とセットになった展示入場券を販売することで、飲食と入場を組み合わせたプランを作成し、運営費を増やす施策が考えられるにゃ。"
石川県立美術館	2人組	中年層	関東	1,000万円以上	5	2人組	若年層	関東	700～1,000万円未満	4	ひとり	中年層	中部	400万円未満	4	石川県立美術館	"1. 評価ポイント・改善ポイント  
この施設は、交通アクセスの良さと豊かな自然環境が高く評価されていますにゃ。しかし、飲食メニューの種類が限られているため、特に多様なニーズに応える必要がありますにゃ。

2. 即応策  
短期的には、地元の食材を使った季節限定メニューを追加し、顧客の安心感と満足度を向上させるにゃ。中期的には、特別なイベントやワークショップ（例えば、料理教室）を開催し、多くの人に楽しんでもらえるようにするにゃ。

3. 期待効果  
食事の満足度が向上し、来場者の再訪率が増加するにゃ。また、SNSでの口コミが広がることで、新たな集客も見込めるにゃ。

4. SNS発信用キャッチコピー例  
- ペルソナ名称1（中年層・2人組）：「週末の贅沢、自然と味覚を満喫！」
- ペルソナ名称2（若年層・2人組）：「インスタ映え抜群の料理が楽しめるスポット」
- ペルソナ名称3（中年層・ひとり）：「静かな時間のお供に、心温まるひと品を」

5. 追加の収益施策アイデア  
地元アーティストや作家を招いてのアートイベントや制作体験を企画し、参加料を徴収することで新たな収益源を確保するにゃ。"
石川県観光物産館	2人組	若年層	関東	400万円未満	3	家族連れ	中年層	関東	1,000万円以上	3	その他	中年層	中部	700～1,000万円未満	2	石川県観光物産館	"1. 評価ポイント・改善ポイント
この施設は体験型コンテンツが充実しており、清潔感あふれる環境が評価されているにゃ。特に試食やテーマごとの展示といった工夫が顧客の満足度を高めているが、さらに顧客にリフレッシュできる空間を提供することができれば、更なる集客が見込まれるにゃ。

2. 即応策（低コストでできる具体的な行動）
短期（2〜4週間以内）：体験後に訪問者がくつろげるカフェスペースを設け、提供する飲み物や軽食を充実させるにゃ。中期（半年以内）：館内の休憩エリアをスタイリッシュに改装し、SNS映えする装飾を施すことで、来場者が写真を撮りたくなる空間を創出するにゃ。

3. 期待効果（満足度・再訪率など）
休憩スペースが提供されることで、訪問者はゆったりとした時間を過ごすことができ、再訪率が向上するとともに、満足度の向上が期待できるにゃ。SNSでのシェアも促進され、口コミ効果が期待できるにゃ。

4. SNS発信用キャッチコピー例
ペルソナ名称1：若年層の友人と楽しむ体験
キャッチコピー：「友達と一緒に、心に残る体験を！」

ペルソナ名称2：中年層の家族連れ
キャッチコピー：「家族での時間を、特別な思い出に。」

ペルソナ名称3：中年層の仲間たち
キャッチコピー：「仲間と一緒に、金沢の魅力を堪能しよう！」

5. 追加の収益施策アイデア
特別な体験プランを販売するにゃ。例えば、季節限定の体験や、お土産付きのパッケージプランを提供することで、新たな収益源を確保することができるにゃ。また、来館者向けの会員制度を設けて、会員限定の割引や特典を提供することでリピート客の獲得を目指すことができるにゃ。"
能登食祭市場	2人組	若年層	中部	400万円未満	7	2人組	高齢層	関東	400万円未満	6	2人組	中年層	関東	700～1,000万円未満	5	能登食祭市場	"1. 評価ポイント・改善ポイント
お客様からは「ガス海老が大変おいしい」という評価が多く、料理のクオリティが高いことがわかりますにゃ。しかし、満足度を更に高めるためには、周辺環境やサービスの質を向上させる余地がありますにゃ。

2. 即応策
- 短期的にガス海老の原材料の質を維持するための仕入れ先との交渉を強化し、安定供給を図るにゃ。また、店舗内の清潔感を保つために定期的な清掃スケジュールを設定するにゃ。
- 中期的には口コミサイトやSNSでの評判を促進するために、次回訪問の際の割引券配布を行うにゃ。

3. 期待効果
料理の質と清潔感の向上により満足度が向上し、再訪率や口コミでの推薦が増えることが期待できるにゃ。

4. SNS発信用キャッチコピー例
- 若年層：海老好き必見！ガス海老の魅力を満喫ついでに、友達との特別な時間を過ごしてみよう！
- 高齢層：落ち着いた雰囲気で味わう極上のガス海老、心安らぐひとときをお楽しみください。
- 中年層：休日の贅沢に、ガス海老で華やかさをプラスしませんか？大切な人との時間を特別にしよう。

5. 追加の収益施策アイデア
地元食材を使った期間限定メニューの開発や、それに伴う特別イベントを企画し、集客を図るにゃ。また、料理教室やワークショップを兼ねた食育イベントを開催し、参加費を収益にしつつ魅力的な体験を提供するにゃ。"
航空プラザ	家族連れ	若年層	中部	400～700万円未満	17	家族連れ	中年層	中部	400～700万円未満	7	2人組	中年層	関東	700～1,000万円未満	3	航空プラザ	"### 短期（2〜4週間以内）改善策

1. **評価ポイント・改善ポイント**
   飛行機体験や無料のアトラクションで満足度が高い一方、昼食を買える場所がたりないとの意見が多く見受けられるにゃ。案内がしっかりしているため、清掃や整理整頓の徹底が求められ、ターゲット層に魅力的に映るような努力が必要にゃ。

2. **即応策**
   館内に軽食の販売コーナーを設け、手頃な価格でランチボックスやスナックを販売するにゃ。また、エリアに飲食店舗の情報を掲示する。

3. **期待効果**
   訪問者が昼食を館内で購入できることで、満足度が向上し、再訪率の増加が見込まれるにゃ。

4. **SNS発信用キャッチコピー例**
   家族連れ：飛行機を見ながら、手軽に美味しい昼食を楽しもう！
   中年層：飛行機の魅力と美味しいランチ、両方を体験しよう！

---

### 中期（半年以内）改善策

1. **評価ポイント・改善ポイント**
   無料のアトラクションや体験型展示が好評で、多世代が楽しめる点は素晴らしいにゃ。しかし、マニアックなお土産が多く、普段使いできる商品が求められているため、商材の見直しが必要にゃ。

2. **即応策**
   人気デザインのTシャツや雑貨など、普段使いしやすい商品を新たに開発・販売するにゃ。また、体験した内容をモチーフにしたオリジナルグッズを作る。

3. **期待効果**
   購買意欲が高まることで、売上・収益が向上し、顧客満足度の向上に繋がるにゃ。

4. **SNS発信用キャッチコピー例**
   家族連れ：みんなが喜ぶ！普段使いできるお土産が新登場！
   中年層：手に入れよう、特別な飛行機体験を再現したオリジナルグッズ！

---

### 追加の収益施策アイデア

- デジタルスタンプラリーやアプリを開発し、参加者による特典キャンペーンを行うにゃ。参加費用を設けることで、追加収益を確保しつつ、来館者に楽しんでもらえるプランを提案するにゃ。

- フォトスポットを設置し、プロのカメラマンによる撮影サービスを提供！家族やカップルの思い出を特別に残せるサービスを展開することで、収益につなげるにゃ。"
西茶屋資料館	2人組	若年層	関東	1,000万円以上	7	2人組	中年層	関東	1,000万円以上	5	ひとり	若年層	関東	400～700万円未満	3	西茶屋資料館	"1. 評価ポイント・改善ポイント  
施設は多様なペルソナを受け入れており、高評価を得ているにゃ。特に若年層や中年層の顧客に支持されている点は素晴らしいが、もう少しリピーターを増やす余地があるにゃ。

2. 即応策（低コストでできる具体的な行動）  
- 短期：SNSやウェブサイトを通じて、特別イベントや割引情報を発信してリピーターを促すにゃ。  
- 中期：訪問後のフィードバックを収集し、改善点を明確にしてプロモーションに活かす施策を行うにゃ。

3. 期待効果（満足度・再訪率など）  
リピーター増加により顧客満足度が向上し、口コミ効果も期待できるにゃ。特に若年層や中年層の再訪率が高まるはずにゃ。

4. SNS発信用キャッチコピー例  
- 若年層2人組：友達と一緒に特別な体験をしよう！  
- 中年層2人組：この休日、パートナーとともに心温まるひとときを！  
- 若年層ひとり：一人だからこそ、自由に楽しむ贅沢な時間を！

5. 追加の収益施策アイデア  
- 限定ワークショップやイベントの開催による参加費収入にゃ。  
- オリジナルグッズの販売や、オンラインショップの設立をあわせて検討するのもよいにゃ。"
神子の里	2人組	中年層	中部	400万円未満	4	ひとり	中年層	中部	400万円未満	3	家族連れ	若年層	中部	700～1,000万円未満	3	農産物直売所神子の里	
道の駅のと千里浜	2人組	中年層	中部	400～700万円未満	6	2人組	若年層	中部	400～700万円未満	2	同僚	中年層	中部	1,000万円以上	2	道の駅のと千里浜	"1. 評価ポイント・改善ポイント
展示の迫力や面白さが好評であり、訪れた中年層の満足度が高いにゃ。また、無料のコインロッカーも利用者にとって便利なポイントとして評価されているにゃ。この点をさらに強化し、若年層にもより魅力的に伝えていく必要があるにゃ。

2. 即応策
短期（2〜4週間以内）：展示周辺に誘導看板やSNSでの情報発信を強化し、特に中年層向けのターゲティング広告を行うにゃ。中期（半年以内）：若年層向けに特化した展示イベントを企画し、SNSでのプロモーションを強化して関心を引くにゃ。

3. 期待効果
訪問者の満足度が向上し、リピーターの増加が見込まれるにゃ。また、ターゲット層の拡大により、再訪率の増加も期待できるにゃ。

4. SNS発信用キャッチコピー例
ペルソナ名称1（中年層2人組）：迫力ある展示で盛り上がる週末を、あなたも体験してみませんか？
ペルソナ名称2（若年層2人組）：友達と一緒に新しい体験をシェアしよう、特別な展示が待っている！
ペルソナ名称3（中年層同僚）：仕事の合間に楽しむ、刺激的な展示でリフレッシュしよう！

5. 追加の収益施策アイデア
特別展示やワークショップの有料化を検討するにゃ。また、施設内のカフェやギフトショップでのクーポン配布やイベント限定商品販売を行って、さらなる収益を見込むにゃ。"
道の駅めぐみ白山	2人組	中年層	中国	400万円未満	2	2人組	高齢層	中部	400～700万円未満	1	ひとり	中年層	中部	400～700万円未満	1	道の駅めぐみ白山	"1. 評価ポイント・改善ポイント  
スタッフのサービスに対する評価が高く、施設が非常に清潔である点が特に魅力にゃ。また、1日楽しめる施設であることも来訪者に好評にゃ。この良さをさらに引き立てるための改善が求められにゃ。

2. 即応策  
短期（2〜4週間以内）：
- スタッフの挨拶や接客をさらに強化するトレーニングを実施し、サービス向上を図るにゃ。
- 食べ物メニューに柔軟性を持たせ、季節限定メニューや地元食材を使用した特別メニューを設けるにゃ。

中期（半年以内）：  
- 施設の清掃頻度を増やし、訪れた全ての時間帯で清潔感を保つ体制を整えるにゃ。  
- 口コミキャンペーンを実施し、顧客のフィードバックを定期的に集め、その結果を基に改善し続けるプロセスを構築するにゃ。

3. 期待効果  
期待される効果としては、スタッフの顧客満足度向上によるリピート率の増加、SNSでの好評口コミによる集客効果、さらに清潔感と食の楽しさを強化することで、再訪者が増えることが見込まれるにゃ。

4. SNS発信用キャッチコピー例  
中年層2人組：笑顔と清潔感あふれる空間で、特別な一日を体験しよう！
高齢層2人組：心温まるサービスで、安心して過ごせる場所へいらっしゃい！
中年層ひとり：大人が楽しめる、静かで落ち着いたひとときをお届けします！

5. 追加の収益施策アイデア  
- 定期的なワークショップやイベントを開催して、参加者からの収益を上げるにゃ。例えば、地元の特産品を使った料理教室やアート教室など、多様な層をターゲットにするにゃ。
- 施設内で使用できるポイントカード制度を導入し、来場の度にポイントが貯まり、次回割引や特典が受けられるようにして、リピーターの増加を促進するにゃ。"
金沢マンテンホテル駅前	ひとり	中年層	近畿	1,000万円以上	5	2人組	中年層	中部	400～700万円未満	2	2人組	若年層	関東	400～700万円未満	2	金沢マンテンホテル駅前	"1. 評価ポイント・改善ポイント
施設の雰囲気やサービスに対する評価は高く、訪問者からの満足度も10点満点中8点以上が多いにゃ。しかし、中年層や若年層の訪問者に対するプロモーションが不足しており、来館者数の増加につながっていないのが課題にゃ。

2. 即応策（低コストでできる具体的な行動）
短期では、SNSやウェブサイトでのキャンペーンを実施し、特定のペルソナ向けの割引サービスを提供するにゃ。中期では、アンケートを通じて訪問者の声を集め、エクスペリエンス向上のための改善案を検討するにゃ。

3. 期待効果
訪問者の満足度が向上し、再訪率も倍増する可能性があるにゃ。特に割引サービスが有効になれば、期間限定の来館者数増加が期待できるにゃ。

4. SNS発信用キャッチコピー例
ペルソナ名称1：ひとりの贅沢　「自分時間を贅沢に楽しむ特別なひとときを!」
ペルソナ名称2：仲良し中年コンビ　「ふたりで語らう、思い出の場所へようこそ!」
ペルソナ名称3：若き explorers 「友達との冒険、新しい発見が待っている!」

5. 追加の収益施策アイデア
イベントやワークショップを開催することで、参加費を得るとともに、集客効果を高める施策が考えられるにゃ。また、オリジナルグッズの販売や、施設内での飲食メニューの充実を図ることで収益を増やす方向も検討できるにゃ。"
金沢中央観光案内所	2人組	若年層	関東	400～700万円未満	34	2人組	中年層	関東	1,000万円以上	27	友人	若年層	関東	400～700万円未満	15	金沢中央観光案内所	"1. 評価ポイント・改善ポイント（2〜3行）
   多くの来訪者が涼しさや快適さを感じている点が高評価に繋がっているにゃ。また、丁寧な対応や情報提供に関するコメントが多く、スタッフの質も良いことが窺えるにゃ。一方で、特に目立ったニーズがないため、リピーターを増やすための新しい施策が必要だにゃ。

2. 即応策（低コストでできる具体的な行動）
   1. 休憩スペースにリラックスできるハンモックを導入して、より快適に過ごせる環境を提供するにゃ。
   2. 常連客向けの特典カードを作成し、パンフレットの「お楽しみプラン」で再訪を促すにゃ。
   3. スタッフによる週替わりのおすすめスポットをSNSで紹介して、訪問時に新しい発見を提案するにゃ。

3. 期待効果（満足度・再訪率など）
   リラックスできる環境は来訪者の満足度を向上させ、再訪時の利用率がアップするにゃ。また、特典カードの導入により、リピーターを得る可能性も高まるにゃ。

4. SNS発信用キャッチコピー例
   若年層2人組向け：「この夏、涼を求める冒険に出かけよう！」
   中年層2人組向け：「落ち着きの中で発見する、石川の魅力を再確認！」
   友人向け：「友達と一緒に、情報収集の旅に出発しよう！」

5. 追加の収益施策アイデア
   収益化につながるワークショップやセミナーを開催し、地域の魅力や特産品を学べる体験を提供するにゃ。さらに、施設内の特産品販売コーナーを充実させて、地元の食材や土産物を気軽に購入できるようにするにゃ。"
金沢城公園	2人組	若年層	関東	400～700万円未満	20	ひとり	中年層	中部	400万円未満	11	2人組	中年層	関東	400万円未満	10	金沢城公園	"1. 評価ポイント・改善ポイント  
風情のある商品や美味しい食事が好評で、コンパクトな設計や快適な休憩所が訪問者に喜ばれています。しかし、謎解きイベントの満足度が低いため、改善が求められています。

2. 即応策（低コストでできる具体的な行動）  
短期：訪問者からのフィードバックを元に、謎解きイベントの内容を見直し再設計に取り組むにゃ。  
中期：地域の文化や歴史を盛り込んだ新しい謎解きテーマを開発することで、より魅力的な体験を提供するにゃ。

3. 期待効果（満足度・再訪率など）  
謎解きイベントの質向上により、満足度が向上し、再訪率の増加が期待できるにゃ。リピーターの口コミによる集客も見込まれるにゃ。

4. SNS発信用キャッチコピー例  
若年層の2人組用：共に楽しむ歴史の秘密、自分たちだけの謎解き体験を！  
中年層のひとり用：ひとりでも深まる金沢の歴史、休憩しながらあなたのペースで楽しんで。  
中年層の2人組用：おいしいごはんと歴史の味わい、友とともにのんびり過ごそう。

5. 追加の収益施策アイデア  
歴史や文化をテーマにしたワークショップや体験イベントを定期開催し、参加料を得ることで収益を向上させるにゃ。また、地域の名産品を販売する特設コーナーを設けて、観光客に独自の商品を提供するにゃ。"
金沢東急ホテル	2人組	中年層	中部	1,000万円以上	4	友人	中年層	中部	400～700万円未満	2	2人組	若年層	中部	1,000万円以上	1	金沢東急ホテル	"1. 評価ポイント・改善ポイント  
立地とサービスに高評価を得ているのは素晴らしいにゃ。しかし、大浴場や温泉が導入されると、さらなる集客が期待できるにゃ。現状のサービスを維持しつつ、新たな付加価値を提供することが求められるにゃ。

2. 即応策  
短期的には、温泉や大浴場の開設に向け、近隣の温泉施設と提携し、チケットを販売するサービスを開始するにゃ。中期的には、大浴場の建設計画を立てるにゃ。

3. 期待効果  
訪問者が満足することで再訪率の向上が期待でき、口コミによる集客が増えるにゃ。また、温泉を求める新たな顧客層にアプローチできるため、満足度も高まるにゃ。

4. SNS発信用キャッチコピー例  
ペルソナ名称1（中年層・友人利用）：友人と過ごす贅沢な時間、癒しのひととき  
ペルソナ名称2（中年層・2人組）：パートナーと一緒に心も体もリフレッシュ  
ペルソナ名称3（若年層・2人組）：新しい友情を育む、特別な体験をあなたに

5. 追加の収益施策アイデア  
地域の特産品や手作りの工芸品を売るショップを設け、観光客の購買意欲を刺激するにゃ。また、宿泊プランに地域の食材を使った料理を組み合わせることで、食を通じた価値提供も可能にゃ。"
金沢港クルーズターミナル	2人組	中年層	中部	700～1,000万円未満	3	その他	中年層	関東	400万円未満	2	家族連れ	若年層	中部	400～700万円未満	2	金沢港クルーズターミナル	"1. 評価ポイント・改善ポイント
   施設全体が清潔で過ごしやすい環境が整っている点が高く評価されていますにゃ。しかし、飲食店舗の臨時休業や売店の不足が利用者の満足度を下げているため、サービスの提供状況を改善する必要がありますにゃ。

2. 即応策
   短期（2〜4週間以内）:
   - 飲食店舗の営業日やメニューを明確に告知することで、事前に利用者に情報提供を行うにゃ。
   - ロビーや入り口近くに簡易的な売店や自動販売機を設置し、飲食の選択肢を増やすにゃ。
   中期（半年以内）:
   - 定期的に飲食店舗の清掃・メンテナンスを行い、快適な環境を提供するにゃ。
   - アイスクリームや軽食を取り扱う移動販売などの導入を検討するにゃ。

3. 期待効果
   利用者の満足度が向上し、再訪率の増加が期待できますにゃ。「便利で楽しい」と思ってもらえることで、口コミやSNSでの拡散効果も見込まれますにゃ。

4. SNS発信用キャッチコピー例
   家族連れ：「家族みんなで遊びに来たくなる、広がる楽しさを体感しよう！」
   中年層（中部）：「忙しい日常を忘れて、涼しい空間で心の休息をどうぞ！」
   中年層（関東）：「おしゃれなカフェで、最高の景色を楽しむ特別な一日を。」

5. 追加の収益施策アイデア
   - 季節ごとのイベントや体験型プログラムを実施し、参加費を収益源にするにゃ。
   - 地元の特産品や手作りのグッズを扱うマーケットを設け、訪問客に地元の魅力を提供しながら収益向上を目指すにゃ。"
金沢蓄音器館	ひとり	若年層	関東	400～700万円未満	5	2人組	高齢層	関東	400～700万円未満	3	2人組	中年層	関東	400～700万円未満	2	金沢蓄音器館	"1. 評価ポイント・改善ポイント  
館内の音を聞ける展示や、館長の説明が高く評価されているにゃ。ただし、特に改善点はなく、リピーターを増やすためのもっと積極的なアプローチが必要にゃ。

2. 即応策（低コストでできる具体的な行動）  
短期的には、来場者に対して「音を楽しむイベント」を実施し、感想をSNSに投稿してもらうキャンペーンを設けることにゃ。中期的には、展示内容の充実を図るために、新たな音楽に関連する展示を企画するにゃ。

3. 期待効果  
短期的には、SNS投稿の促進により来訪者層の拡大が期待できるにゃ。中期的には、来場者の満足度向上が顕著になり、リピーターや新規来客の増加に繋がるにゃ。

4. SNS発信用キャッチコピー例  
ペルソナ名称1（若年層ひとり）：自分だけの音楽体験、待ってるにゃ！  
ペルソナ名称2（高齢層2人組）：あの頃の音、もう一度感じてみませんか？  
ペルソナ名称3（中年層2人組）：シンプルに、音楽の楽しさを再発見しよう！

5. 追加の収益施策アイデア  
オリジナルの音源やレコードを販売するショップを併設し、オンラインショップも開設することによって、訪問者以外からの収益も得られるにゃ。"
金沢駅	2人組	若年層	関東	1,000万円以上	9	2人組	中年層	関東	1,000万円以上	6	ひとり	中年層	関東	400～700万円未満	4	金沢駅	"1. 評価ポイント・改善ポイント（2〜3行）
お土産屋や飲食店が充実しており、訪問客は金沢の良さを十分楽しんでいるにゃ。しかし、価格が高いとの声もあり、特に若年層や中年層の財布に優しい対策が必要にゃ。また、座る場所の少なさや駅からの距離も改善点になりそうにゃ。

2. 即応策（低コストでできる具体的な行動）
短期的には、特定の飲食店やお土産屋で割引キャンペーンやセット販売を行うことにゃ。また、施設内に休憩所を設けることで、座る場所の不足を解消するにゃ。

3. 期待効果（満足度・再訪率など）
料金の見直しや休憩スペースの充実により、来訪者の満足度が向上し、再訪率も高まることが期待できるにゃ。

4. SNS発信用キャッチコピー例
- ペルソナ名称1：東京からの美食旅行者に送る。金沢で味わう至福の味。
- ペルソナ名称2：中年層の贅沢トリップを演出。特別な時間を過ごす金沢の旅。
- ペルソナ名称3：ひとり旅を楽しむあなたに。自分だけの金沢を満喫しよう。

5. 追加の収益施策アイデア
地元の特産品や工芸品を扱ったワークショップを開催し、有料体験を提供するにゃ。また、若年層向けにSNSフォトコンテストを実施し、応募者に参加特典を用意することで集客を図るにゃ。"
長町武家屋敷休憩館	2人組	中年層	関東	1,000万円以上	4	2人組	若年層	関東	400～700万円未満	4	2人組	高齢層	関東	1,000万円以上	3	長町武家屋敷休憩館	"1. 評価ポイント・改善ポイント（2〜3行）  
休憩所があり、猛暑を凌げる場所として高評価を得ているにゃ。ただし、商品が全くないため、訪問者の満足度や再訪率に影響する可能性があるにゃ。

2. 即応策（低コストでできる具体的な行動）  
休憩所に軽食や飲み物の自販機を設置するにゃ。また、地元の特産品を販売する小さなスペースを増設することも検討するにゃ。

3. 期待効果（満足度・再訪率など）  
訪問者が休憩時に商品を購入できることで、満足度が向上し、再訪率が高まるにゃ。特に暑い日には、冷たい飲み物の需要が高まるにゃ。

4. SNS発信用キャッチコピー例  
ペルソナ名称1（中年層）：夏の暑さにさようなら！快適休憩スポットでリラックス  
ペルソナ名称2（若年層）：ここで決まり！友達とのクールダウン地  
ペルソナ名称3（高齢層）：涼しい場所で、心も体もほっと一息  

5. 追加の収益施策アイデア  
ワークショップやイベントを定期開催し、地元のアーティストや職人の技を体験できる場を提供することで、参加費を収益に繋げられるにゃ。"
ＨＯＴＥＬ金沢　兼六荘	2人組	中年層	関東	1,000万円以上	3	2人組	高齢層	中部	400万円未満	3	その他	中年層	中部	400～700万円未満	2	ＨＯＴＥＬ金沢　兼六荘	"1. 評価ポイント・改善ポイント
　観光施設は中年層や高齢層に支持されている点が高評価です。しかし、アクセス情報の不足や休憩スペースの充実度が低いことが懸念点ですにゃ。

2. 即応策
　短期（2〜4週間以内）：施設のウェブサイトやSNSでアクセス情報を再発信し、周辺の公共交通機関や駐車場について詳しく案内するにゃ。中期（半年以内）：休憩スペースに座席を増やし、快適な飲食エリアを設けるにゃ。

3. 期待効果
　来場者に対する満足度が向上し、再訪率が高まることが期待できるにゃ。また、SNSでの口コミが増え、新たな来客が見込まれるにゃ。

4. SNS発信用キャッチコピー例
　ペルソナ名称1（中年層、2人組）：「友達との特別な時間、最高の思い出をここで！」

　ペルソナ名称2（高齢層、2人組）：「ゆったり過ごす贅沢なひとときを、一緒に楽しもう！」

　ペルソナ名称3（中年層、その他）：「家族で楽しめる場所、次の休日はここで決まり！」

5. 追加の収益施策アイデア
　地域の特産品を販売するショップを開設したり、地元のアーティストによる作品展示や販売イベントを開催することで、収益を増加させることができるにゃ。"